method,source,dataset,k,seed,recovery_f1,noise_rate,runtime_s
mrmr_selection_classif,external,parabola,3,0,0.3333333333333333,0.6666666666666666,1.646955167001579
mrmr_selection_classif,external,parabola,5,0,0.25,0.8,1.9882674580439925
MID,modmrmr,parabola,3,0,0.6666666666666666,0.3333333333333333,0.08935775002464652
MID,modmrmr,parabola,5,0,0.7499999999999999,0.4,0.08249208400957286
MIQ,modmrmr,parabola,3,0,0.6666666666666666,0.3333333333333333,0.07955258304718882
MIQ,modmrmr,parabola,5,0,0.7499999999999999,0.4,0.07990870799403638
FCD,modmrmr,parabola,3,0,0.3333333333333333,0.6666666666666666,0.009301125013735145
FCD,modmrmr,parabola,5,0,0.25,0.8,0.009721625014208257
FCQ,modmrmr,parabola,3,0,0.3333333333333333,0.6666666666666666,0.008841542003210634
FCQ,modmrmr,parabola,5,0,0.25,0.8,0.009659958013799042
ModMRMR,modmrmr,parabola,3,0,0.3333333333333333,0.6666666666666666,0.008603833033703268
ModMRMR,modmrmr,parabola,5,0,0.25,0.8,0.009570291033014655
mrmr_selection_classif,external,parabola,3,1,0.6666666666666666,0.3333333333333333,1.6521117080119438
mrmr_selection_classif,external,parabola,5,1,0.7499999999999999,0.4,1.9366615830222145
MID,modmrmr,parabola,3,1,0.6666666666666666,0.3333333333333333,0.08292070799507201
MID,modmrmr,parabola,5,1,0.7499999999999999,0.4,0.08364958403399214
MIQ,modmrmr,parabola,3,1,0.3333333333333333,0.6666666666666666,0.08069112501107156
MIQ,modmrmr,parabola,5,1,0.7499999999999999,0.4,0.08246933302143589
FCD,modmrmr,parabola,3,1,1.0,0.0,0.009383124997839332
FCD,modmrmr,parabola,5,1,0.7499999999999999,0.4,0.00961754098534584
FCQ,modmrmr,parabola,3,1,0.6666666666666666,0.3333333333333333,0.008829666010569781
FCQ,modmrmr,parabola,5,1,0.7499999999999999,0.4,0.00981554202735424
ModMRMR,modmrmr,parabola,3,1,0.6666666666666666,0.3333333333333333,0.008902583038434386
ModMRMR,modmrmr,parabola,5,1,0.5,0.6,0.009608416992705315
mrmr_selection_classif,external,parabola,3,2,0.6666666666666666,0.3333333333333333,1.6387032920029014
mrmr_selection_classif,external,parabola,5,2,0.5,0.6,2.0145513340248726
MID,modmrmr,parabola,3,2,0.6666666666666666,0.3333333333333333,0.08316208299947903
MID,modmrmr,parabola,5,2,0.7499999999999999,0.4,0.08090212504612282
MIQ,modmrmr,parabola,3,2,0.6666666666666666,0.3333333333333333,0.07982887502294034
MIQ,modmrmr,parabola,5,2,0.7499999999999999,0.4,0.08271795901237056
FCD,modmrmr,parabola,3,2,0.6666666666666666,0.3333333333333333,0.009316499985288829
FCD,modmrmr,parabola,5,2,0.7499999999999999,0.4,0.009780207998119295
FCQ,modmrmr,parabola,3,2,0.6666666666666666,0.3333333333333333,0.00942970800679177
FCQ,modmrmr,parabola,5,2,0.5,0.6,0.010237624985165894
ModMRMR,modmrmr,parabola,3,2,0.6666666666666666,0.3333333333333333,0.00889100000495091
ModMRMR,modmrmr,parabola,5,2,0.5,0.6,0.01007420796668157
mrmr_selection_classif,external,radial,3,0,0.6666666666666666,0.3333333333333333,1.6134979999624193
mrmr_selection_classif,external,radial,5,0,0.5,0.6,2.0106846250128
cmim,external,radial,3,0,0.3333333333333333,0.6666666666666666,0.013472374994307756
cmim,external,radial,5,0,0.5,0.6,0.01439641701290384
jmi,external,radial,3,0,0.3333333333333333,0.6666666666666666,0.00926374999107793
jmi,external,radial,5,0,0.5,0.6,0.014462791034020483
MID,modmrmr,radial,3,0,0.6666666666666666,0.3333333333333333,0.08547808404546231
MID,modmrmr,radial,5,0,0.5,0.6,0.08058883296325803
MIQ,modmrmr,radial,3,0,0.6666666666666666,0.3333333333333333,0.08069058402907103
MIQ,modmrmr,radial,5,0,0.5,0.6,0.08243604202289134
FCD,modmrmr,radial,3,0,0.3333333333333333,0.6666666666666666,0.009096834051888436
FCD,modmrmr,radial,5,0,0.5,0.6,0.00955520902061835
FCQ,modmrmr,radial,3,0,0.6666666666666666,0.3333333333333333,0.008769207983277738
FCQ,modmrmr,radial,5,0,0.5,0.6,0.009918999974615872
ModMRMR,modmrmr,radial,3,0,0.3333333333333333,0.6666666666666666,0.008762750017922372
ModMRMR,modmrmr,radial,5,0,0.5,0.6,0.010379959014244378
mrmr_selection_classif,external,radial,3,1,0.3333333333333333,0.6666666666666666,1.630077457986772
mrmr_selection_classif,external,radial,5,1,0.5,0.6,1.9870838329661638
cmim,external,radial,3,1,0.3333333333333333,0.6666666666666666,0.009736959007568657
cmim,external,radial,5,1,0.5,0.6,0.014872291998472065
jmi,external,radial,3,1,0.3333333333333333,0.6666666666666666,0.009478833002503961
jmi,external,radial,5,1,0.5,0.6,0.014612124999985099
MID,modmrmr,radial,3,1,0.6666666666666666,0.3333333333333333,0.08698312501655892
MID,modmrmr,radial,5,1,0.5,0.6,0.08416933304397389
MIQ,modmrmr,radial,3,1,0.6666666666666666,0.3333333333333333,0.08613762503955513
MIQ,modmrmr,radial,5,1,0.7499999999999999,0.4,0.08089416695293039
FCD,modmrmr,radial,3,1,0.3333333333333333,0.6666666666666666,0.009053584013599902
FCD,modmrmr,radial,5,1,0.5,0.6,0.009657499962486327
FCQ,modmrmr,radial,3,1,0.3333333333333333,0.6666666666666666,0.009494541038293391
FCQ,modmrmr,radial,5,1,0.5,0.6,0.01023274997714907
ModMRMR,modmrmr,radial,3,1,0.3333333333333333,0.6666666666666666,0.009045707993209362
ModMRMR,modmrmr,radial,5,1,0.5,0.6,0.010190750006586313
mrmr_selection_classif,external,radial,3,2,0.3333333333333333,0.6666666666666666,1.6362104580039158
mrmr_selection_classif,external,radial,5,2,0.25,0.8,1.9825160420150496
cmim,external,radial,3,2,0.3333333333333333,0.6666666666666666,0.009480167005676776
cmim,external,radial,5,2,0.5,0.6,0.014256291033234447
jmi,external,radial,3,2,0.3333333333333333,0.6666666666666666,0.009420874994248152
jmi,external,radial,5,2,0.5,0.6,0.014764291991014034
MID,modmrmr,radial,3,2,0.6666666666666666,0.3333333333333333,0.08253075001994148
MID,modmrmr,radial,5,2,0.5,0.6,0.08166262495797127
MIQ,modmrmr,radial,3,2,0.6666666666666666,0.3333333333333333,0.08102420798968524
MIQ,modmrmr,radial,5,2,0.7499999999999999,0.4,0.08006633300101385
FCD,modmrmr,radial,3,2,0.3333333333333333,0.6666666666666666,0.008993583032861352
FCD,modmrmr,radial,5,2,0.25,0.8,0.01056508399778977
FCQ,modmrmr,radial,3,2,0.3333333333333333,0.6666666666666666,0.00912504200823605
FCQ,modmrmr,radial,5,2,0.25,0.8,0.0104963339981623
ModMRMR,modmrmr,radial,3,2,0.3333333333333333,0.6666666666666666,0.008915957994759083
ModMRMR,modmrmr,radial,5,2,0.25,0.8,0.010431333968881518
mrmr_selection_classif,external,sine,3,0,0.3333333333333333,0.6666666666666666,1.6231829159660265
mrmr_selection_classif,external,sine,5,0,0.5,0.6,1.9760119160055183
MID,modmrmr,sine,3,0,0.3333333333333333,0.6666666666666666,0.08427933300845325
MID,modmrmr,sine,5,0,0.5,0.6,0.08159166696714237
MIQ,modmrmr,sine,3,0,0.6666666666666666,0.3333333333333333,0.08129120897501707
MIQ,modmrmr,sine,5,0,0.7499999999999999,0.4,0.08240316703449935
FCD,modmrmr,sine,3,0,0.3333333333333333,0.6666666666666666,0.00916562497150153
FCD,modmrmr,sine,5,0,0.7499999999999999,0.4,0.009551334020216018
FCQ,modmrmr,sine,3,0,0.3333333333333333,0.6666666666666666,0.00885533302789554
FCQ,modmrmr,sine,5,0,0.5,0.6,0.009874166978988796
ModMRMR,modmrmr,sine,3,0,0.3333333333333333,0.6666666666666666,0.009048167034052312
ModMRMR,modmrmr,sine,5,0,0.5,0.6,0.010269917023833841
mrmr_selection_classif,external,sine,3,1,0.0,1.0,1.6315656669903547
mrmr_selection_classif,external,sine,5,1,0.5,0.6,1.9943377079907805
MID,modmrmr,sine,3,1,0.3333333333333333,0.6666666666666666,0.10064554197015241
MID,modmrmr,sine,5,1,0.5,0.6,0.08015412499662489
MIQ,modmrmr,sine,3,1,0.6666666666666666,0.3333333333333333,0.08077045797836035
MIQ,modmrmr,sine,5,1,0.7499999999999999,0.4,0.08445079094963148
FCD,modmrmr,sine,3,1,0.3333333333333333,0.6666666666666666,0.009216707956511527
FCD,modmrmr,sine,5,1,0.5,0.6,0.009750165976583958
FCQ,modmrmr,sine,3,1,0.0,1.0,0.008868999953847378
FCQ,modmrmr,sine,5,1,0.5,0.6,0.009901292040012777
ModMRMR,modmrmr,sine,3,1,0.3333333333333333,0.6666666666666666,0.008968083013314754
ModMRMR,modmrmr,sine,5,1,0.5,0.6,0.00993624998955056
mrmr_selection_classif,external,sine,3,2,0.3333333333333333,0.6666666666666666,1.611214792006649
mrmr_selection_classif,external,sine,5,2,0.5,0.6,2.0114656669902615
MID,modmrmr,sine,3,2,0.3333333333333333,0.6666666666666666,0.08339979202719405
MID,modmrmr,sine,5,2,0.5,0.6,0.08436495898058638
MIQ,modmrmr,sine,3,2,0.6666666666666666,0.3333333333333333,0.08109379099914804
MIQ,modmrmr,sine,5,2,0.7499999999999999,0.4,0.08222233300330117
FCD,modmrmr,sine,3,2,0.3333333333333333,0.6666666666666666,0.00920283404411748
FCD,modmrmr,sine,5,2,0.5,0.6,0.009601790981832892
FCQ,modmrmr,sine,3,2,0.3333333333333333,0.6666666666666666,0.00885158299934119
FCQ,modmrmr,sine,5,2,0.5,0.6,0.009929083986207843
ModMRMR,modmrmr,sine,3,2,0.3333333333333333,0.6666666666666666,0.008847541001159698
ModMRMR,modmrmr,sine,5,2,0.5,0.6,0.009891916997730732
mrmr_selection_classif,external,nonlin_redundancy_clf,3,0,0.8,0.3333333333333333,1.5179129999596626
mrmr_selection_classif,external,nonlin_redundancy_clf,5,0,0.5714285714285715,0.6,2.1219782500411384
cmim,external,nonlin_redundancy_clf,3,0,0.0,1.0,0.008110833005048335
cmim,external,nonlin_redundancy_clf,5,0,0.0,1.0,0.011645541992038488
jmi,external,nonlin_redundancy_clf,3,0,0.8,0.3333333333333333,0.0076695000170730054
jmi,external,nonlin_redundancy_clf,5,0,0.5714285714285715,0.6,0.01161983300698921
MID,modmrmr,nonlin_redundancy_clf,3,0,0.4,0.6666666666666666,0.06490645802114159
MID,modmrmr,nonlin_redundancy_clf,5,0,0.28571428571428575,0.8,0.06275824998738244
MIQ,modmrmr,nonlin_redundancy_clf,3,0,0.4,0.6666666666666666,0.06526975001906976
MIQ,modmrmr,nonlin_redundancy_clf,5,0,0.28571428571428575,0.8,0.06434399995487183
FCD,modmrmr,nonlin_redundancy_clf,3,0,0.8,0.3333333333333333,0.007645457983016968
FCD,modmrmr,nonlin_redundancy_clf,5,0,0.5714285714285715,0.6,0.009389790997374803
FCQ,modmrmr,nonlin_redundancy_clf,3,0,0.8,0.3333333333333333,0.007687417033594102
FCQ,modmrmr,nonlin_redundancy_clf,5,0,0.5714285714285715,0.6,0.00841229100478813
ModMRMR,modmrmr,nonlin_redundancy_clf,3,0,0.8,0.3333333333333333,0.007222832995466888
ModMRMR,modmrmr,nonlin_redundancy_clf,5,0,0.5714285714285715,0.6,0.00844037503702566
mrmr_selection_classif,external,nonlin_redundancy_clf,3,1,0.8,0.3333333333333333,1.5010608329903334
mrmr_selection_classif,external,nonlin_redundancy_clf,5,1,0.5714285714285715,0.6,2.068504541995935
cmim,external,nonlin_redundancy_clf,3,1,0.0,1.0,0.008414542011450976
cmim,external,nonlin_redundancy_clf,5,1,0.0,1.0,0.01172925002174452
jmi,external,nonlin_redundancy_clf,3,1,0.8,0.3333333333333333,0.00793266698019579
jmi,external,nonlin_redundancy_clf,5,1,0.5714285714285715,0.6,0.011945542006287724
MID,modmrmr,nonlin_redundancy_clf,3,1,0.4,0.6666666666666666,0.06359937501838431
MID,modmrmr,nonlin_redundancy_clf,5,1,0.28571428571428575,0.8,0.06087975000264123
MIQ,modmrmr,nonlin_redundancy_clf,3,1,0.4,0.6666666666666666,0.06239816598827019
MIQ,modmrmr,nonlin_redundancy_clf,5,1,0.28571428571428575,0.8,0.06274041603319347
FCD,modmrmr,nonlin_redundancy_clf,3,1,0.8,0.3333333333333333,0.007419875008054078
FCD,modmrmr,nonlin_redundancy_clf,5,1,0.5714285714285715,0.6,0.007888459018431604
FCQ,modmrmr,nonlin_redundancy_clf,3,1,0.8,0.3333333333333333,0.00721029203850776
FCQ,modmrmr,nonlin_redundancy_clf,5,1,0.5714285714285715,0.6,0.008219667011871934
ModMRMR,modmrmr,nonlin_redundancy_clf,3,1,0.8,0.3333333333333333,0.0071841670433059335
ModMRMR,modmrmr,nonlin_redundancy_clf,5,1,0.5714285714285715,0.6,0.008189207990653813
mrmr_selection_classif,external,nonlin_redundancy_clf,3,2,0.4,0.6666666666666666,1.510267790989019
mrmr_selection_classif,external,nonlin_redundancy_clf,5,2,0.5714285714285715,0.6,2.091471833002288
cmim,external,nonlin_redundancy_clf,3,2,0.0,1.0,0.008054958016145974
cmim,external,nonlin_redundancy_clf,5,2,0.0,1.0,0.011675874993670732
jmi,external,nonlin_redundancy_clf,3,2,0.8,0.3333333333333333,0.007691500009968877
jmi,external,nonlin_redundancy_clf,5,2,0.5714285714285715,0.6,0.011632125009782612
MID,modmrmr,nonlin_redundancy_clf,3,2,0.4,0.6666666666666666,0.06860104197403416
MID,modmrmr,nonlin_redundancy_clf,5,2,0.28571428571428575,0.8,0.06239199999254197
MIQ,modmrmr,nonlin_redundancy_clf,3,2,0.4,0.6666666666666666,0.06044808396836743
MIQ,modmrmr,nonlin_redundancy_clf,5,2,0.5714285714285715,0.6,0.0612005420261994
FCD,modmrmr,nonlin_redundancy_clf,3,2,0.8,0.3333333333333333,0.0072352500283159316
FCD,modmrmr,nonlin_redundancy_clf,5,2,0.5714285714285715,0.6,0.007807750022038817
FCQ,modmrmr,nonlin_redundancy_clf,3,2,0.4,0.6666666666666666,0.007051582972053438
FCQ,modmrmr,nonlin_redundancy_clf,5,2,0.5714285714285715,0.6,0.008151290996465832
ModMRMR,modmrmr,nonlin_redundancy_clf,3,2,0.8,0.3333333333333333,0.007121792004909366
ModMRMR,modmrmr,nonlin_redundancy_clf,5,2,0.5714285714285715,0.6,0.008186499995645136
mrmr_selection_classif,external,nonlin_redundancy_reg,3,0,0.8,0.3333333333333333,1.501320541021414
mrmr_selection_classif,external,nonlin_redundancy_reg,5,0,0.5714285714285715,0.6,2.115955416986253
MID,modmrmr,nonlin_redundancy_reg,3,0,0.8,0.3333333333333333,0.0629541669622995
MID,modmrmr,nonlin_redundancy_reg,5,0,0.5714285714285715,0.6,0.06306020799092948
MIQ,modmrmr,nonlin_redundancy_reg,3,0,0.4,0.6666666666666666,0.06603466696105897
MIQ,modmrmr,nonlin_redundancy_reg,5,0,0.5714285714285715,0.6,0.06378166697686538
FCD,modmrmr,nonlin_redundancy_reg,3,0,0.8,0.3333333333333333,0.007890082953963429
FCD,modmrmr,nonlin_redundancy_reg,5,0,0.5714285714285715,0.6,0.0085644589853473
FCQ,modmrmr,nonlin_redundancy_reg,3,0,0.8,0.3333333333333333,0.007164207985624671
FCQ,modmrmr,nonlin_redundancy_reg,5,0,0.5714285714285715,0.6,0.008418707991950214
ModMRMR,modmrmr,nonlin_redundancy_reg,3,0,0.8,0.3333333333333333,0.007131125021260232
ModMRMR,modmrmr,nonlin_redundancy_reg,5,0,0.5714285714285715,0.6,0.008199749980121851
mrmr_selection_classif,external,nonlin_redundancy_reg,3,1,0.8,0.3333333333333333,1.5148893329896964
mrmr_selection_classif,external,nonlin_redundancy_reg,5,1,0.5714285714285715,0.6,2.116440750018228
MID,modmrmr,nonlin_redundancy_reg,3,1,0.8,0.3333333333333333,0.06556125002680346
MID,modmrmr,nonlin_redundancy_reg,5,1,0.5714285714285715,0.6,0.06290529097896069
MIQ,modmrmr,nonlin_redundancy_reg,3,1,0.8,0.3333333333333333,0.0659100420307368
MIQ,modmrmr,nonlin_redundancy_reg,5,1,0.5714285714285715,0.6,0.06524737499421462
FCD,modmrmr,nonlin_redundancy_reg,3,1,0.8,0.3333333333333333,0.007497334037907422
FCD,modmrmr,nonlin_redundancy_reg,5,1,0.5714285714285715,0.6,0.007950917002744973
FCQ,modmrmr,nonlin_redundancy_reg,3,1,0.8,0.3333333333333333,0.007208709022961557
FCQ,modmrmr,nonlin_redundancy_reg,5,1,0.5714285714285715,0.6,0.008209833002183586
ModMRMR,modmrmr,nonlin_redundancy_reg,3,1,0.8,0.3333333333333333,0.007083166972734034
ModMRMR,modmrmr,nonlin_redundancy_reg,5,1,0.5714285714285715,0.6,0.008282958995550871
mrmr_selection_classif,external,nonlin_redundancy_reg,3,2,0.8,0.3333333333333333,1.5588192089926451
mrmr_selection_classif,external,nonlin_redundancy_reg,5,2,0.5714285714285715,0.6,2.123198457993567
MID,modmrmr,nonlin_redundancy_reg,3,2,0.8,0.3333333333333333,0.06766466697445139
MID,modmrmr,nonlin_redundancy_reg,5,2,0.5714285714285715,0.6,0.06402529199840501
MIQ,modmrmr,nonlin_redundancy_reg,3,2,0.4,0.6666666666666666,0.06604066700674593
MIQ,modmrmr,nonlin_redundancy_reg,5,2,0.5714285714285715,0.6,0.06498299998929724
FCD,modmrmr,nonlin_redundancy_reg,3,2,0.8,0.3333333333333333,0.007305459002964199
FCD,modmrmr,nonlin_redundancy_reg,5,2,0.5714285714285715,0.6,0.007830167014617473
FCQ,modmrmr,nonlin_redundancy_reg,3,2,0.8,0.3333333333333333,0.007096249959431589
FCQ,modmrmr,nonlin_redundancy_reg,5,2,0.5714285714285715,0.6,0.00817920797271654
ModMRMR,modmrmr,nonlin_redundancy_reg,3,2,0.8,0.3333333333333333,0.007178791973274201
ModMRMR,modmrmr,nonlin_redundancy_reg,5,2,0.5714285714285715,0.6,0.008621166984084994
mrmr_selection_classif,external,linear_control_clf,3,0,1.0,0.0,1.6266545839607716
mrmr_selection_classif,external,linear_control_clf,5,0,0.7499999999999999,0.4,1.9683953339699656
cmim,external,linear_control_clf,3,0,0.0,1.0,0.009851292008534074
cmim,external,linear_control_clf,5,0,0.5,0.6,0.014233166992198676
jmi,external,linear_control_clf,3,0,0.3333333333333333,0.6666666666666666,0.00906745798420161
jmi,external,linear_control_clf,5,0,0.7499999999999999,0.4,0.014184875006321818
MID,modmrmr,linear_control_clf,3,0,0.6666666666666666,0.3333333333333333,0.08716154098510742
MID,modmrmr,linear_control_clf,5,0,0.5,0.6,0.10003133298596367
MIQ,modmrmr,linear_control_clf,3,0,0.6666666666666666,0.3333333333333333,0.08327583299251273
MIQ,modmrmr,linear_control_clf,5,0,0.5,0.6,0.08364766603335738
FCD,modmrmr,linear_control_clf,3,0,1.0,0.0,0.009504082961939275
FCD,modmrmr,linear_control_clf,5,0,0.7499999999999999,0.4,0.01025774999288842
FCQ,modmrmr,linear_control_clf,3,0,1.0,0.0,0.009206583024933934
FCQ,modmrmr,linear_control_clf,5,0,0.7499999999999999,0.4,0.009967666992451996
ModMRMR,modmrmr,linear_control_clf,3,0,0.6666666666666666,0.3333333333333333,0.008835999993607402
ModMRMR,modmrmr,linear_control_clf,5,0,0.5,0.6,0.010039125045295805
mrmr_selection_classif,external,linear_control_clf,3,1,1.0,0.0,1.6267017089994624
mrmr_selection_classif,external,linear_control_clf,5,1,0.7499999999999999,0.4,1.9699390840250999
cmim,external,linear_control_clf,3,1,0.0,1.0,0.00994299998274073
cmim,external,linear_control_clf,5,1,0.5,0.6,0.014377708022948354
jmi,external,linear_control_clf,3,1,0.3333333333333333,0.6666666666666666,0.009120291972067207
jmi,external,linear_control_clf,5,1,0.7499999999999999,0.4,0.014526541985105723
MID,modmrmr,linear_control_clf,3,1,0.6666666666666666,0.3333333333333333,0.0831841669860296
MID,modmrmr,linear_control_clf,5,1,0.5,0.6,0.0839710000436753
MIQ,modmrmr,linear_control_clf,3,1,0.6666666666666666,0.3333333333333333,0.0820540840504691
MIQ,modmrmr,linear_control_clf,5,1,0.7499999999999999,0.4,0.08296199998585507
FCD,modmrmr,linear_control_clf,3,1,1.0,0.0,0.009594042028766125
FCD,modmrmr,linear_control_clf,5,1,0.7499999999999999,0.4,0.010107708047144115
FCQ,modmrmr,linear_control_clf,3,1,1.0,0.0,0.009695124987047166
FCQ,modmrmr,linear_control_clf,5,1,0.7499999999999999,0.4,0.010475499962922186
ModMRMR,modmrmr,linear_control_clf,3,1,0.6666666666666666,0.3333333333333333,0.009172459016554058
ModMRMR,modmrmr,linear_control_clf,5,1,0.5,0.6,0.01052025001263246
mrmr_selection_classif,external,linear_control_clf,3,2,1.0,0.0,1.7041622920078225
mrmr_selection_classif,external,linear_control_clf,5,2,0.7499999999999999,0.4,1.929272959008813
cmim,external,linear_control_clf,3,2,0.0,1.0,0.009496708982624114
cmim,external,linear_control_clf,5,2,0.5,0.6,0.014537583978381008
jmi,external,linear_control_clf,3,2,0.3333333333333333,0.6666666666666666,0.009233875025529414
jmi,external,linear_control_clf,5,2,0.7499999999999999,0.4,0.014201458019670099
MID,modmrmr,linear_control_clf,3,2,0.6666666666666666,0.3333333333333333,0.08129912498407066
MID,modmrmr,linear_control_clf,5,2,0.5,0.6,0.07995604100869969
MIQ,modmrmr,linear_control_clf,3,2,0.6666666666666666,0.3333333333333333,0.07978004100732505
MIQ,modmrmr,linear_control_clf,5,2,0.5,0.6,0.08097670797724277
FCD,modmrmr,linear_control_clf,3,2,1.0,0.0,0.009157124964985996
FCD,modmrmr,linear_control_clf,5,2,0.7499999999999999,0.4,0.009654499997850507
FCQ,modmrmr,linear_control_clf,3,2,1.0,0.0,0.009525667002890259
FCQ,modmrmr,linear_control_clf,5,2,0.7499999999999999,0.4,0.01048116700258106
ModMRMR,modmrmr,linear_control_clf,3,2,0.6666666666666666,0.3333333333333333,0.009638333052862436
ModMRMR,modmrmr,linear_control_clf,5,2,0.5,0.6,0.011543417000211775
mrmr_selection_classif,external,linear_control_reg,3,0,1.0,0.0,1.6184490000014193
mrmr_selection_classif,external,linear_control_reg,5,0,0.7499999999999999,0.4,1.9440521670039743
MID,modmrmr,linear_control_reg,3,0,0.6666666666666666,0.3333333333333333,0.0815805839956738
MID,modmrmr,linear_control_reg,5,0,0.5,0.6,0.081653458008077
MIQ,modmrmr,linear_control_reg,3,0,1.0,0.0,0.08064866700442508
MIQ,modmrmr,linear_control_reg,5,0,0.7499999999999999,0.4,0.08208641596138477
FCD,modmrmr,linear_control_reg,3,0,1.0,0.0,0.009219375031534582
FCD,modmrmr,linear_control_reg,5,0,0.7499999999999999,0.4,0.009730457968544215
FCQ,modmrmr,linear_control_reg,3,0,1.0,0.0,0.00888933299575001
FCQ,modmrmr,linear_control_reg,5,0,0.7499999999999999,0.4,0.009945333003997803
ModMRMR,modmrmr,linear_control_reg,3,0,0.6666666666666666,0.3333333333333333,0.008838415960781276
ModMRMR,modmrmr,linear_control_reg,5,0,0.7499999999999999,0.4,0.00993779202690348
mrmr_selection_classif,external,linear_control_reg,3,1,1.0,0.0,1.5946315830224194
mrmr_selection_classif,external,linear_control_reg,5,1,0.7499999999999999,0.4,1.9185207500122488
MID,modmrmr,linear_control_reg,3,1,0.6666666666666666,0.3333333333333333,0.08214745804434642
MID,modmrmr,linear_control_reg,5,1,0.5,0.6,0.08205383300082758
MIQ,modmrmr,linear_control_reg,3,1,0.6666666666666666,0.3333333333333333,0.08165770804043859
MIQ,modmrmr,linear_control_reg,5,1,0.7499999999999999,0.4,0.08302995801204816
FCD,modmrmr,linear_control_reg,3,1,1.0,0.0,0.00914224999723956
FCD,modmrmr,linear_control_reg,5,1,0.7499999999999999,0.4,0.009562833001837134
FCQ,modmrmr,linear_control_reg,3,1,1.0,0.0,0.008774292015004903
FCQ,modmrmr,linear_control_reg,5,1,0.7499999999999999,0.4,0.009908374981023371
ModMRMR,modmrmr,linear_control_reg,3,1,0.6666666666666666,0.3333333333333333,0.008795375004410744
ModMRMR,modmrmr,linear_control_reg,5,1,0.7499999999999999,0.4,0.009937875031027943
mrmr_selection_classif,external,linear_control_reg,3,2,1.0,0.0,1.6254375419812277
mrmr_selection_classif,external,linear_control_reg,5,2,0.7499999999999999,0.4,1.9396755829802714
MID,modmrmr,linear_control_reg,3,2,0.6666666666666666,0.3333333333333333,0.08183324994752184
MID,modmrmr,linear_control_reg,5,2,0.5,0.6,0.08107674994971603
MIQ,modmrmr,linear_control_reg,3,2,0.6666666666666666,0.3333333333333333,0.08051991701358929
MIQ,modmrmr,linear_control_reg,5,2,0.7499999999999999,0.4,0.08165241597453132
FCD,modmrmr,linear_control_reg,3,2,1.0,0.0,0.009132917039096355
FCD,modmrmr,linear_control_reg,5,2,0.7499999999999999,0.4,0.009705542004667222
FCQ,modmrmr,linear_control_reg,3,2,1.0,0.0,0.008840250025968999
FCQ,modmrmr,linear_control_reg,5,2,0.7499999999999999,0.4,0.010197499999776483
ModMRMR,modmrmr,linear_control_reg,3,2,0.6666666666666666,0.3333333333333333,0.00877795898122713
ModMRMR,modmrmr,linear_control_reg,5,2,0.7499999999999999,0.4,0.009897541021928191
mrmr_selection_classif,external,mixed,3,0,0.8571428571428571,0.0,1.298429041984491
mrmr_selection_classif,external,mixed,5,0,0.6666666666666665,0.4,0.8113197500351816
cmim,external,mixed,3,0,0.28571428571428575,0.6666666666666666,0.010881041001994163
cmim,external,mixed,5,0,0.4444444444444445,0.6,0.01668600004632026
jmi,external,mixed,3,0,0.5714285714285715,0.3333333333333333,0.010391333024017513
jmi,external,mixed,5,0,0.6666666666666665,0.4,0.0165668330155313
MID,modmrmr,mixed,3,0,0.5714285714285715,0.3333333333333333,0.10172579198842868
MID,modmrmr,mixed,5,0,0.4444444444444445,0.6,0.10149204102344811
MIQ,modmrmr,mixed,3,0,0.5714285714285715,0.3333333333333333,0.09940358297899365
MIQ,modmrmr,mixed,5,0,0.4444444444444445,0.6,0.10199125000508502
FCD,modmrmr,mixed,3,0,0.8571428571428571,0.0,0.010995167016517371
FCD,modmrmr,mixed,5,0,0.6666666666666665,0.4,0.011858291982207447
FCQ,modmrmr,mixed,3,0,0.8571428571428571,0.0,0.01102079200791195
FCQ,modmrmr,mixed,5,0,0.6666666666666665,0.4,0.011957499955315143
ModMRMR,modmrmr,mixed,3,0,0.5714285714285715,0.3333333333333333,0.010771040979307145
ModMRMR,modmrmr,mixed,5,0,0.4444444444444445,0.6,0.011855957971420139
mrmr_selection_classif,external,mixed,3,1,0.8571428571428571,0.0,1.3109914590022527
mrmr_selection_classif,external,mixed,5,1,0.888888888888889,0.2,0.826169874984771
cmim,external,mixed,3,1,0.28571428571428575,0.6666666666666666,0.010759875003714114
cmim,external,mixed,5,1,0.4444444444444445,0.6,0.016789957997389138
jmi,external,mixed,3,1,0.5714285714285715,0.3333333333333333,0.010504958976525813
jmi,external,mixed,5,1,0.6666666666666665,0.4,0.01704374997643754
MID,modmrmr,mixed,3,1,0.5714285714285715,0.3333333333333333,0.10156679101055488
MID,modmrmr,mixed,5,1,0.4444444444444445,0.6,0.1009831249830313
MIQ,modmrmr,mixed,3,1,0.5714285714285715,0.3333333333333333,0.0995884170406498
MIQ,modmrmr,mixed,5,1,0.4444444444444445,0.6,0.10147566598607227
FCD,modmrmr,mixed,3,1,0.8571428571428571,0.0,0.011046540981624275
FCD,modmrmr,mixed,5,1,0.888888888888889,0.2,0.011593791015911847
FCQ,modmrmr,mixed,3,1,0.8571428571428571,0.0,0.010784875019453466
FCQ,modmrmr,mixed,5,1,0.888888888888889,0.2,0.011867999972309917
ModMRMR,modmrmr,mixed,3,1,0.8571428571428571,0.0,0.010792500048410147
ModMRMR,modmrmr,mixed,5,1,0.6666666666666665,0.4,0.011894957977347076
mrmr_selection_classif,external,mixed,3,2,0.8571428571428571,0.0,1.3257372499792837
mrmr_selection_classif,external,mixed,5,2,0.888888888888889,0.2,0.8042806669836864
cmim,external,mixed,3,2,0.28571428571428575,0.6666666666666666,0.01092866697581485
cmim,external,mixed,5,2,0.4444444444444445,0.6,0.016840249998494983
jmi,external,mixed,3,2,0.5714285714285715,0.3333333333333333,0.010545458004344255
jmi,external,mixed,5,2,0.6666666666666665,0.4,0.01677495799958706
MID,modmrmr,mixed,3,2,0.5714285714285715,0.3333333333333333,0.10212545900139958
MID,modmrmr,mixed,5,2,0.4444444444444445,0.6,0.10152033402118832
MIQ,modmrmr,mixed,3,2,0.5714285714285715,0.3333333333333333,0.10008324997033924
MIQ,modmrmr,mixed,5,2,0.6666666666666665,0.4,0.10062662500422448
FCD,modmrmr,mixed,3,2,0.8571428571428571,0.0,0.01094749994808808
FCD,modmrmr,mixed,5,2,0.888888888888889,0.2,0.011583333020098507
FCQ,modmrmr,mixed,3,2,0.8571428571428571,0.0,0.010877916007302701
FCQ,modmrmr,mixed,5,2,0.888888888888889,0.2,0.01185070798965171
ModMRMR,modmrmr,mixed,3,2,0.8571428571428571,0.0,0.01074599998537451
ModMRMR,modmrmr,mixed,5,2,0.888888888888889,0.2,0.011931125016417354
mrmr_selection_classif,external,xor,3,0,0.8,0.3333333333333333,1.6169411669834517
mrmr_selection_classif,external,xor,5,0,0.5714285714285715,0.6,1.9165180829586461
cmim,external,xor,3,0,0.4,0.6666666666666666,0.00956783298170194
cmim,external,xor,5,0,0.5714285714285715,0.6,0.014255457965191454
jmi,external,xor,3,0,0.0,1.0,0.009056458016857505
jmi,external,xor,5,0,0.28571428571428575,0.8,0.014153708005324006
MID,modmrmr,xor,3,0,0.4,0.6666666666666666,0.08004754199646413
MID,modmrmr,xor,5,0,0.5714285714285715,0.6,0.0801334580173716
MIQ,modmrmr,xor,3,0,0.4,0.6666666666666666,0.07963520800694823
MIQ,modmrmr,xor,5,0,0.28571428571428575,0.8,0.07971487496979535
FCD,modmrmr,xor,3,0,0.8,0.3333333333333333,0.008974166004918516
FCD,modmrmr,xor,5,0,0.5714285714285715,0.6,0.009603708982467651
FCQ,modmrmr,xor,3,0,0.8,0.3333333333333333,0.008776875038165599
FCQ,modmrmr,xor,5,0,0.5714285714285715,0.6,0.009923833014909178
ModMRMR,modmrmr,xor,3,0,0.8,0.3333333333333333,0.008765916980337352
ModMRMR,modmrmr,xor,5,0,0.5714285714285715,0.6,0.010031749960035086
mrmr_selection_classif,external,xor,3,1,0.8,0.3333333333333333,1.5926300000282936
mrmr_selection_classif,external,xor,5,1,0.5714285714285715,0.6,1.9826258330140263
cmim,external,xor,3,1,0.4,0.6666666666666666,0.009557625045999885
cmim,external,xor,5,1,0.5714285714285715,0.6,0.014255583984777331
jmi,external,xor,3,1,0.0,1.0,0.009112791973166168
jmi,external,xor,5,1,0.28571428571428575,0.8,0.014227000006940216
MID,modmrmr,xor,3,1,0.4,0.6666666666666666,0.08047683298354968
MID,modmrmr,xor,5,1,0.5714285714285715,0.6,0.07985579100204632
MIQ,modmrmr,xor,3,1,0.4,0.6666666666666666,0.07958499999949709
MIQ,modmrmr,xor,5,1,0.28571428571428575,0.8,0.07964508299482986
FCD,modmrmr,xor,3,1,0.8,0.3333333333333333,0.008985332970041782
FCD,modmrmr,xor,5,1,0.5714285714285715,0.6,0.009551708004437387
FCQ,modmrmr,xor,3,1,0.8,0.3333333333333333,0.008794124994892627
FCQ,modmrmr,xor,5,1,0.5714285714285715,0.6,0.009861666010692716
ModMRMR,modmrmr,xor,3,1,0.8,0.3333333333333333,0.008765833976212889
ModMRMR,modmrmr,xor,5,1,0.5714285714285715,0.6,0.010045457980595529
mrmr_selection_classif,external,xor,3,2,0.4,0.6666666666666666,1.5861434579710476
mrmr_selection_classif,external,xor,5,2,0.5714285714285715,0.6,1.9320376670220867
cmim,external,xor,3,2,0.4,0.6666666666666666,0.009568958019372076
cmim,external,xor,5,2,0.5714285714285715,0.6,0.014318667002953589
jmi,external,xor,3,2,0.0,1.0,0.009140125010162592
jmi,external,xor,5,2,0.28571428571428575,0.8,0.01419337501283735
MID,modmrmr,xor,3,2,0.0,1.0,0.0800174999749288
MID,modmrmr,xor,5,2,0.28571428571428575,0.8,0.08006670797476545
MIQ,modmrmr,xor,3,2,0.0,1.0,0.07870849996106699
MIQ,modmrmr,xor,5,2,0.28571428571428575,0.8,0.08074383297935128
FCD,modmrmr,xor,3,2,0.4,0.6666666666666666,0.00899983401177451
FCD,modmrmr,xor,5,2,0.5714285714285715,0.6,0.009628584026359022
FCQ,modmrmr,xor,3,2,0.4,0.6666666666666666,0.008813333988655359
FCQ,modmrmr,xor,5,2,0.5714285714285715,0.6,0.010440999991260469
ModMRMR,modmrmr,xor,3,2,0.4,0.6666666666666666,0.008992375049274415
ModMRMR,modmrmr,xor,5,2,0.5714285714285715,0.6,0.010020208021160215
mrmr_selection_classif,external,redundant_blocks_clf,3,0,0.5454545454545454,0.0,1.2731994589557871
mrmr_selection_classif,external,redundant_blocks_clf,5,0,0.7692307692307693,0.0,0.30427775002317503
mrmr_selection_classif,external,redundant_blocks_clf,10,0,0.888888888888889,0.2,1.4043721670168452
cmim,external,redundant_blocks_clf,3,0,0.18181818181818182,0.6666666666666666,0.026542290986981243
cmim,external,redundant_blocks_clf,5,0,0.4615384615384615,0.4,0.04479537496808916
cmim,external,redundant_blocks_clf,10,0,0.7777777777777777,0.3,0.07454216695623472
jmi,external,redundant_blocks_clf,3,0,0.18181818181818182,0.6666666666666666,0.026183584006503224
jmi,external,redundant_blocks_clf,5,0,0.3076923076923077,0.6,0.044308834010735154
jmi,external,redundant_blocks_clf,10,0,0.6666666666666665,0.4,0.07441566698253155
MID,modmrmr,redundant_blocks_clf,3,0,0.36363636363636365,0.3333333333333333,0.3407981659984216
MID,modmrmr,redundant_blocks_clf,5,0,0.3076923076923077,0.6,0.31393524998566136
MID,modmrmr,redundant_blocks_clf,10,0,0.4444444444444445,0.6,0.3166455830214545
MIQ,modmrmr,redundant_blocks_clf,3,0,0.36363636363636365,0.3333333333333333,0.31225708400597796
MIQ,modmrmr,redundant_blocks_clf,5,0,0.3076923076923077,0.6,0.3139489580062218
MIQ,modmrmr,redundant_blocks_clf,10,0,0.7777777777777777,0.3,0.31774958403548226
FCD,modmrmr,redundant_blocks_clf,3,0,0.5454545454545454,0.0,0.02478016697568819
FCD,modmrmr,redundant_blocks_clf,5,0,0.7692307692307693,0.0,0.025340667052660137
FCD,modmrmr,redundant_blocks_clf,10,0,0.888888888888889,0.2,0.02762054099002853
FCQ,modmrmr,redundant_blocks_clf,3,0,0.5454545454545454,0.0,0.024494542041793466
FCQ,modmrmr,redundant_blocks_clf,5,0,0.7692307692307693,0.0,0.02562708395998925
FCQ,modmrmr,redundant_blocks_clf,10,0,0.888888888888889,0.2,0.028752457990776747
ModMRMR,modmrmr,redundant_blocks_clf,3,0,0.5454545454545454,0.0,0.024782082997262478
ModMRMR,modmrmr,redundant_blocks_clf,5,0,0.6153846153846154,0.2,0.025646959024015814
ModMRMR,modmrmr,redundant_blocks_clf,10,0,0.7777777777777777,0.3,0.028603792015928775
mrmr_selection_classif,external,redundant_blocks_clf,3,1,0.5454545454545454,0.0,1.31079083296936
mrmr_selection_classif,external,redundant_blocks_clf,5,1,0.7692307692307693,0.0,0.2977912910282612
mrmr_selection_classif,external,redundant_blocks_clf,10,1,0.888888888888889,0.2,1.3187315000104718
cmim,external,redundant_blocks_clf,3,1,0.18181818181818182,0.6666666666666666,0.02640800003428012
cmim,external,redundant_blocks_clf,5,1,0.4615384615384615,0.4,0.043865624989848584
cmim,external,redundant_blocks_clf,10,1,0.7777777777777777,0.3,0.07425962504930794
jmi,external,redundant_blocks_clf,3,1,0.18181818181818182,0.6666666666666666,0.025858750042971224
jmi,external,redundant_blocks_clf,5,1,0.3076923076923077,0.6,0.04396937502315268
jmi,external,redundant_blocks_clf,10,1,0.6666666666666665,0.4,0.07454575004521757
MID,modmrmr,redundant_blocks_clf,3,1,0.36363636363636365,0.3333333333333333,0.3252135419752449
MID,modmrmr,redundant_blocks_clf,5,1,0.4615384615384615,0.4,0.3159003750188276
MID,modmrmr,redundant_blocks_clf,10,1,0.4444444444444445,0.6,0.32049212499987334
MIQ,modmrmr,redundant_blocks_clf,3,1,0.36363636363636365,0.3333333333333333,0.3165052910335362
MIQ,modmrmr,redundant_blocks_clf,5,1,0.4615384615384615,0.4,0.31951737497001886
MIQ,modmrmr,redundant_blocks_clf,10,1,0.888888888888889,0.2,0.3321362910210155
FCD,modmrmr,redundant_blocks_clf,3,1,0.5454545454545454,0.0,0.024579041986726224
FCD,modmrmr,redundant_blocks_clf,5,1,0.7692307692307693,0.0,0.025116875011008233
FCD,modmrmr,redundant_blocks_clf,10,1,0.888888888888889,0.2,0.0275324999820441
FCQ,modmrmr,redundant_blocks_clf,3,1,0.5454545454545454,0.0,0.024359666043892503
FCQ,modmrmr,redundant_blocks_clf,5,1,0.7692307692307693,0.0,0.025473333022091538
FCQ,modmrmr,redundant_blocks_clf,10,1,0.888888888888889,0.2,0.029163792030885816
ModMRMR,modmrmr,redundant_blocks_clf,3,1,0.5454545454545454,0.0,0.024350666964892298
ModMRMR,modmrmr,redundant_blocks_clf,5,1,0.7692307692307693,0.0,0.025336917024105787
ModMRMR,modmrmr,redundant_blocks_clf,10,1,0.6666666666666665,0.4,0.02808187500340864
mrmr_selection_classif,external,redundant_blocks_clf,3,2,0.5454545454545454,0.0,1.3077545409905724
mrmr_selection_classif,external,redundant_blocks_clf,5,2,0.7692307692307693,0.0,0.3095241249538958
mrmr_selection_classif,external,redundant_blocks_clf,10,2,0.888888888888889,0.2,1.455936499987729
cmim,external,redundant_blocks_clf,3,2,0.18181818181818182,0.6666666666666666,0.026651958003640175
cmim,external,redundant_blocks_clf,5,2,0.4615384615384615,0.4,0.043842833023518324
cmim,external,redundant_blocks_clf,10,2,0.7777777777777777,0.3,0.07410595897817984
jmi,external,redundant_blocks_clf,3,2,0.18181818181818182,0.6666666666666666,0.02578308299416676
jmi,external,redundant_blocks_clf,5,2,0.3076923076923077,0.6,0.044317000021692365
jmi,external,redundant_blocks_clf,10,2,0.6666666666666665,0.4,0.07433333300286904
MID,modmrmr,redundant_blocks_clf,3,2,0.5454545454545454,0.0,0.31893983302870765
MID,modmrmr,redundant_blocks_clf,5,2,0.4615384615384615,0.4,0.31706004100851715
MID,modmrmr,redundant_blocks_clf,10,2,0.4444444444444445,0.6,0.31993087503360584
MIQ,modmrmr,redundant_blocks_clf,3,2,0.5454545454545454,0.0,0.3168478339794092
MIQ,modmrmr,redundant_blocks_clf,5,2,0.4615384615384615,0.4,0.31651420798152685
MIQ,modmrmr,redundant_blocks_clf,10,2,0.5555555555555556,0.5,0.3209557089721784
FCD,modmrmr,redundant_blocks_clf,3,2,0.5454545454545454,0.0,0.024751833989284933
FCD,modmrmr,redundant_blocks_clf,5,2,0.7692307692307693,0.0,0.02563870802987367
FCD,modmrmr,redundant_blocks_clf,10,2,0.888888888888889,0.2,0.027598500018939376
FCQ,modmrmr,redundant_blocks_clf,3,2,0.5454545454545454,0.0,0.024448457988910377
FCQ,modmrmr,redundant_blocks_clf,5,2,0.7692307692307693,0.0,0.025496209040284157
FCQ,modmrmr,redundant_blocks_clf,10,2,0.888888888888889,0.2,0.028386250021867454
ModMRMR,modmrmr,redundant_blocks_clf,3,2,0.5454545454545454,0.0,0.024700500012841076
ModMRMR,modmrmr,redundant_blocks_clf,5,2,0.7692307692307693,0.0,0.02557404199615121
ModMRMR,modmrmr,redundant_blocks_clf,10,2,0.7777777777777777,0.3,0.02850041602505371
mrmr_selection_classif,external,redundant_blocks_reg,3,0,0.5454545454545454,0.0,1.2876024590223096
mrmr_selection_classif,external,redundant_blocks_reg,5,0,0.7692307692307693,0.0,0.2950784169952385
mrmr_selection_classif,external,redundant_blocks_reg,10,0,0.888888888888889,0.2,1.2887267080368474
MID,modmrmr,redundant_blocks_reg,3,0,0.36363636363636365,0.3333333333333333,0.32140470802551135
MID,modmrmr,redundant_blocks_reg,5,0,0.4615384615384615,0.4,0.31856670801062137
MID,modmrmr,redundant_blocks_reg,10,0,0.5555555555555556,0.5,0.3216899579856545
MIQ,modmrmr,redundant_blocks_reg,3,0,0.36363636363636365,0.3333333333333333,0.3187202080152929
MIQ,modmrmr,redundant_blocks_reg,5,0,0.3076923076923077,0.6,0.31871970801148564
MIQ,modmrmr,redundant_blocks_reg,10,0,0.5555555555555556,0.5,0.3233817499713041
FCD,modmrmr,redundant_blocks_reg,3,0,0.5454545454545454,0.0,0.0248729579616338
FCD,modmrmr,redundant_blocks_reg,5,0,0.7692307692307693,0.0,0.025129250017926097
FCD,modmrmr,redundant_blocks_reg,10,0,0.888888888888889,0.2,0.02755812497343868
FCQ,modmrmr,redundant_blocks_reg,3,0,0.5454545454545454,0.0,0.0243296250118874
FCQ,modmrmr,redundant_blocks_reg,5,0,0.7692307692307693,0.0,0.025789542007260025
FCQ,modmrmr,redundant_blocks_reg,10,0,0.888888888888889,0.2,0.0285015840199776
ModMRMR,modmrmr,redundant_blocks_reg,3,0,0.5454545454545454,0.0,0.024256750009953976
ModMRMR,modmrmr,redundant_blocks_reg,5,0,0.7692307692307693,0.0,0.02547420799965039
ModMRMR,modmrmr,redundant_blocks_reg,10,0,0.888888888888889,0.2,0.02834429102949798
mrmr_selection_classif,external,redundant_blocks_reg,3,1,0.5454545454545454,0.0,1.2897034999914467
mrmr_selection_classif,external,redundant_blocks_reg,5,1,0.7692307692307693,0.0,0.3058881670003757
mrmr_selection_classif,external,redundant_blocks_reg,10,1,0.888888888888889,0.2,1.4868322500260547
MID,modmrmr,redundant_blocks_reg,3,1,0.36363636363636365,0.3333333333333333,0.3186236660112627
MID,modmrmr,redundant_blocks_reg,5,1,0.6153846153846154,0.2,0.31977404101053253
MID,modmrmr,redundant_blocks_reg,10,1,0.5555555555555556,0.5,0.321055916021578
MIQ,modmrmr,redundant_blocks_reg,3,1,0.36363636363636365,0.3333333333333333,0.31664979201741517
MIQ,modmrmr,redundant_blocks_reg,5,1,0.4615384615384615,0.4,0.3457027500262484
MIQ,modmrmr,redundant_blocks_reg,10,1,0.6666666666666665,0.4,0.3206969170132652
FCD,modmrmr,redundant_blocks_reg,3,1,0.5454545454545454,0.0,0.024629332998301834
FCD,modmrmr,redundant_blocks_reg,5,1,0.7692307692307693,0.0,0.02532016602344811
FCD,modmrmr,redundant_blocks_reg,10,1,0.888888888888889,0.2,0.02739754196954891
FCQ,modmrmr,redundant_blocks_reg,3,1,0.5454545454545454,0.0,0.024250500020571053
FCQ,modmrmr,redundant_blocks_reg,5,1,0.7692307692307693,0.0,0.025390833034180105
FCQ,modmrmr,redundant_blocks_reg,10,1,0.888888888888889,0.2,0.028762916976120323
ModMRMR,modmrmr,redundant_blocks_reg,3,1,0.5454545454545454,0.0,0.02470308303600177
ModMRMR,modmrmr,redundant_blocks_reg,5,1,0.7692307692307693,0.0,0.025772875000257045
ModMRMR,modmrmr,redundant_blocks_reg,10,1,0.7777777777777777,0.3,0.028540457948110998
mrmr_selection_classif,external,redundant_blocks_reg,3,2,0.5454545454545454,0.0,1.3006111250142567
mrmr_selection_classif,external,redundant_blocks_reg,5,2,0.7692307692307693,0.0,0.29827149998163804
mrmr_selection_classif,external,redundant_blocks_reg,10,2,0.888888888888889,0.2,1.3901005829684436
MID,modmrmr,redundant_blocks_reg,3,2,0.5454545454545454,0.0,0.32055312499869615
MID,modmrmr,redundant_blocks_reg,5,2,0.6153846153846154,0.2,0.3195488339988515
MID,modmrmr,redundant_blocks_reg,10,2,0.5555555555555556,0.5,0.3227597500081174
MIQ,modmrmr,redundant_blocks_reg,3,2,0.5454545454545454,0.0,0.31977395800640807
MIQ,modmrmr,redundant_blocks_reg,5,2,0.6153846153846154,0.2,0.32921729201916605
MIQ,modmrmr,redundant_blocks_reg,10,2,0.888888888888889,0.2,0.32222162501420826
FCD,modmrmr,redundant_blocks_reg,3,2,0.5454545454545454,0.0,0.02466912497766316
FCD,modmrmr,redundant_blocks_reg,5,2,0.7692307692307693,0.0,0.025111750001087785
FCD,modmrmr,redundant_blocks_reg,10,2,0.888888888888889,0.2,0.027387999987695366
FCQ,modmrmr,redundant_blocks_reg,3,2,0.5454545454545454,0.0,0.024672624946106225
FCQ,modmrmr,redundant_blocks_reg,5,2,0.7692307692307693,0.0,0.025571125035639852
FCQ,modmrmr,redundant_blocks_reg,10,2,0.888888888888889,0.2,0.028383333003148437
ModMRMR,modmrmr,redundant_blocks_reg,3,2,0.5454545454545454,0.0,0.024408666999079287
ModMRMR,modmrmr,redundant_blocks_reg,5,2,0.7692307692307693,0.0,0.02555287501309067
ModMRMR,modmrmr,redundant_blocks_reg,10,2,0.7777777777777777,0.3,0.028464083035942167
mrmr_selection_classif,external,quotient_trap_reg,3,0,0.7499999999999999,0.0,1.3812881670310162
mrmr_selection_classif,external,quotient_trap_reg,5,0,1.0,0.0,0.5422140419832431
mrmr_selection_classif,external,quotient_trap_reg,10,0,0.6666666666666666,0.5,1.6135347910458222
MID,modmrmr,quotient_trap_reg,3,0,0.7499999999999999,0.0,0.2825511670089327
MID,modmrmr,quotient_trap_reg,5,0,0.6,0.4,0.278455333027523
MID,modmrmr,quotient_trap_reg,10,0,0.4,0.7,0.2829490000149235
MIQ,modmrmr,quotient_trap_reg,3,0,0.5,0.3333333333333333,0.2804993750178255
MIQ,modmrmr,quotient_trap_reg,5,0,0.6,0.4,0.29154920898145065
MIQ,modmrmr,quotient_trap_reg,10,0,0.6666666666666666,0.5,0.2798114169854671
FCD,modmrmr,quotient_trap_reg,3,0,0.7499999999999999,0.0,0.021610833995509893
FCD,modmrmr,quotient_trap_reg,5,0,1.0,0.0,0.02192137495148927
FCD,modmrmr,quotient_trap_reg,10,0,0.6666666666666666,0.5,0.024387207988183945
FCQ,modmrmr,quotient_trap_reg,3,0,0.7499999999999999,0.0,0.02127541700610891
FCQ,modmrmr,quotient_trap_reg,5,0,1.0,0.0,0.0221831250237301
FCQ,modmrmr,quotient_trap_reg,10,0,0.6666666666666666,0.5,0.025280833011493087
ModMRMR,modmrmr,quotient_trap_reg,3,0,0.7499999999999999,0.0,0.021046250010840595
ModMRMR,modmrmr,quotient_trap_reg,5,0,0.6,0.4,0.022165625006891787
ModMRMR,modmrmr,quotient_trap_reg,10,0,0.6666666666666666,0.5,0.024968500016257167
mrmr_selection_classif,external,quotient_trap_reg,3,1,0.7499999999999999,0.0,1.3847396249766462
mrmr_selection_classif,external,quotient_trap_reg,5,1,1.0,0.0,0.4273417079821229
mrmr_selection_classif,external,quotient_trap_reg,10,1,0.6666666666666666,0.5,1.7221104589989409
MID,modmrmr,quotient_trap_reg,3,1,0.7499999999999999,0.0,0.2780936670023948
MID,modmrmr,quotient_trap_reg,5,1,0.6,0.4,0.27547070797299966
MID,modmrmr,quotient_trap_reg,10,1,0.4,0.7,0.2832518750219606
MIQ,modmrmr,quotient_trap_reg,3,1,0.5,0.3333333333333333,0.2751164169749245
MIQ,modmrmr,quotient_trap_reg,5,1,0.6,0.4,0.27646804199321195
MIQ,modmrmr,quotient_trap_reg,10,1,0.5333333333333333,0.6,0.2783685409813188
FCD,modmrmr,quotient_trap_reg,3,1,0.7499999999999999,0.0,0.02153862500563264
FCD,modmrmr,quotient_trap_reg,5,1,1.0,0.0,0.022048166021704674
FCD,modmrmr,quotient_trap_reg,10,1,0.6666666666666666,0.5,0.024349500017706305
FCQ,modmrmr,quotient_trap_reg,3,1,0.7499999999999999,0.0,0.02152795798610896
FCQ,modmrmr,quotient_trap_reg,5,1,1.0,0.0,0.022350249986629933
FCQ,modmrmr,quotient_trap_reg,10,1,0.6666666666666666,0.5,0.025022083951625973
ModMRMR,modmrmr,quotient_trap_reg,3,1,0.7499999999999999,0.0,0.021088166977278888
ModMRMR,modmrmr,quotient_trap_reg,5,1,0.6,0.4,0.022179416962899268
ModMRMR,modmrmr,quotient_trap_reg,10,1,0.6666666666666666,0.5,0.025553583982400596
mrmr_selection_classif,external,quotient_trap_reg,3,2,0.7499999999999999,0.0,1.4105639159679413
mrmr_selection_classif,external,quotient_trap_reg,5,2,1.0,0.0,0.4250556670012884
mrmr_selection_classif,external,quotient_trap_reg,10,2,0.6666666666666666,0.5,1.7121209159959108
MID,modmrmr,quotient_trap_reg,3,2,0.7499999999999999,0.0,0.2780224579619244
MID,modmrmr,quotient_trap_reg,5,2,0.6,0.4,0.27567533298861235
MID,modmrmr,quotient_trap_reg,10,2,0.4,0.7,0.2776174590107985
MIQ,modmrmr,quotient_trap_reg,3,2,0.25,0.6666666666666666,0.2763119169976562
MIQ,modmrmr,quotient_trap_reg,5,2,0.6,0.4,0.28134570800466463
MIQ,modmrmr,quotient_trap_reg,10,2,0.6666666666666666,0.5,0.27980120899155736
FCD,modmrmr,quotient_trap_reg,3,2,0.7499999999999999,0.0,0.021567583025898784
FCD,modmrmr,quotient_trap_reg,5,2,1.0,0.0,0.02273041702574119
FCD,modmrmr,quotient_trap_reg,10,2,0.6666666666666666,0.5,0.024779792001936585
FCQ,modmrmr,quotient_trap_reg,3,2,0.7499999999999999,0.0,0.021480958035681397
FCQ,modmrmr,quotient_trap_reg,5,2,1.0,0.0,0.022540042002219707
FCQ,modmrmr,quotient_trap_reg,10,2,0.6666666666666666,0.5,0.025351707998197526
ModMRMR,modmrmr,quotient_trap_reg,3,2,0.7499999999999999,0.0,0.02124875003937632
ModMRMR,modmrmr,quotient_trap_reg,5,2,0.6,0.4,0.022345874982420355
ModMRMR,modmrmr,quotient_trap_reg,10,2,0.5333333333333333,0.6,0.025243250012863427
mrmr_selection_classif,external,quotient_trap_clf,3,0,0.7499999999999999,0.0,1.4111652079736814
mrmr_selection_classif,external,quotient_trap_clf,5,0,1.0,0.0,0.41683974995976314
mrmr_selection_classif,external,quotient_trap_clf,10,0,0.6666666666666666,0.5,1.6003552500042133
cmim,external,quotient_trap_clf,3,0,0.25,0.6666666666666666,0.02479437500005588
cmim,external,quotient_trap_clf,5,0,0.6,0.4,0.04028887499589473
cmim,external,quotient_trap_clf,10,0,0.6666666666666666,0.5,0.06653599999845028
jmi,external,quotient_trap_clf,3,0,0.0,1.0,0.023821542039513588
jmi,external,quotient_trap_clf,5,0,0.20000000000000004,0.8,0.03997654200065881
jmi,external,quotient_trap_clf,10,0,0.5333333333333333,0.6,0.0663530410383828
MID,modmrmr,quotient_trap_clf,3,0,0.7499999999999999,0.0,0.27488400001311675
MID,modmrmr,quotient_trap_clf,5,0,0.6,0.4,0.2751806669984944
MID,modmrmr,quotient_trap_clf,10,0,0.4,0.7,0.2748344159917906
MIQ,modmrmr,quotient_trap_clf,3,0,0.5,0.3333333333333333,0.2722306249779649
MIQ,modmrmr,quotient_trap_clf,5,0,0.6,0.4,0.27434104203712195
MIQ,modmrmr,quotient_trap_clf,10,0,0.6666666666666666,0.5,0.2770103749935515
FCD,modmrmr,quotient_trap_clf,3,0,0.7499999999999999,0.0,0.02146833302685991
FCD,modmrmr,quotient_trap_clf,5,0,1.0,0.0,0.022076958033721894
FCD,modmrmr,quotient_trap_clf,10,0,0.6666666666666666,0.5,0.024447540985420346
FCQ,modmrmr,quotient_trap_clf,3,0,0.7499999999999999,0.0,0.02129279199289158
FCQ,modmrmr,quotient_trap_clf,5,0,1.0,0.0,0.022626500052865595
FCQ,modmrmr,quotient_trap_clf,10,0,0.6666666666666666,0.5,0.025347166985739022
ModMRMR,modmrmr,quotient_trap_clf,3,0,0.7499999999999999,0.0,0.02154395799152553
ModMRMR,modmrmr,quotient_trap_clf,5,0,0.6,0.4,0.022423540998715907
ModMRMR,modmrmr,quotient_trap_clf,10,0,0.6666666666666666,0.5,0.025240833987481892
mrmr_selection_classif,external,quotient_trap_clf,3,1,0.7499999999999999,0.0,1.435674874985125
mrmr_selection_classif,external,quotient_trap_clf,5,1,1.0,0.0,0.42512966704089195
mrmr_selection_classif,external,quotient_trap_clf,10,1,0.6666666666666666,0.5,2.4087598329642788
cmim,external,quotient_trap_clf,3,1,0.25,0.6666666666666666,0.024376665998715907
cmim,external,quotient_trap_clf,5,1,0.6,0.4,0.04052000003866851
cmim,external,quotient_trap_clf,10,1,0.6666666666666666,0.5,0.06645245803520083
jmi,external,quotient_trap_clf,3,1,0.0,1.0,0.023828666016925126
jmi,external,quotient_trap_clf,5,1,0.20000000000000004,0.8,0.040018416999373585
jmi,external,quotient_trap_clf,10,1,0.5333333333333333,0.6,0.06631095800548792
MID,modmrmr,quotient_trap_clf,3,1,0.7499999999999999,0.0,0.3002214590087533
MID,modmrmr,quotient_trap_clf,5,1,0.6,0.4,0.27119466703152284
MID,modmrmr,quotient_trap_clf,10,1,0.4,0.7,0.27335362503072247
MIQ,modmrmr,quotient_trap_clf,3,1,0.5,0.3333333333333333,0.2712873329874128
MIQ,modmrmr,quotient_trap_clf,5,1,0.6,0.4,0.27222645905567333
MIQ,modmrmr,quotient_trap_clf,10,1,0.5333333333333333,0.6,0.2743592920014635
FCD,modmrmr,quotient_trap_clf,3,1,0.7499999999999999,0.0,0.021480166993569583
FCD,modmrmr,quotient_trap_clf,5,1,1.0,0.0,0.022051499981898814
FCD,modmrmr,quotient_trap_clf,10,1,0.6666666666666666,0.5,0.024399499990977347
FCQ,modmrmr,quotient_trap_clf,3,1,0.7499999999999999,0.0,0.021294749982189387
FCQ,modmrmr,quotient_trap_clf,5,1,1.0,0.0,0.022823000035714358
FCQ,modmrmr,quotient_trap_clf,10,1,0.6666666666666666,0.5,0.02545383299002424
ModMRMR,modmrmr,quotient_trap_clf,3,1,0.7499999999999999,0.0,0.021345209039282054
ModMRMR,modmrmr,quotient_trap_clf,5,1,0.6,0.4,0.022585625003557652
ModMRMR,modmrmr,quotient_trap_clf,10,1,0.5333333333333333,0.6,0.025262708018999547
mrmr_selection_classif,external,quotient_trap_clf,3,2,0.7499999999999999,0.0,1.4313592499820516
mrmr_selection_classif,external,quotient_trap_clf,5,2,1.0,0.0,0.5501516250078566
mrmr_selection_classif,external,quotient_trap_clf,10,2,0.6666666666666666,0.5,2.105065458046738
cmim,external,quotient_trap_clf,3,2,0.25,0.6666666666666666,0.02484862500568852
cmim,external,quotient_trap_clf,5,2,0.6,0.4,0.04006999998819083
cmim,external,quotient_trap_clf,10,2,0.6666666666666666,0.5,0.06611258297925815
jmi,external,quotient_trap_clf,3,2,0.0,1.0,0.023962083039805293
jmi,external,quotient_trap_clf,5,2,0.20000000000000004,0.8,0.04042637499514967
jmi,external,quotient_trap_clf,10,2,0.5333333333333333,0.6,0.06584225001279265
MID,modmrmr,quotient_trap_clf,3,2,0.7499999999999999,0.0,0.28218120796373114
MID,modmrmr,quotient_trap_clf,5,2,0.6,0.4,0.27417966700159013
MID,modmrmr,quotient_trap_clf,10,2,0.4,0.7,0.2766449580085464
MIQ,modmrmr,quotient_trap_clf,3,2,0.7499999999999999,0.0,0.27697170799365267
MIQ,modmrmr,quotient_trap_clf,5,2,0.6,0.4,0.27633154194336385
MIQ,modmrmr,quotient_trap_clf,10,2,0.6666666666666666,0.5,0.2816705839941278
FCD,modmrmr,quotient_trap_clf,3,2,0.7499999999999999,0.0,0.02142637496581301
FCD,modmrmr,quotient_trap_clf,5,2,1.0,0.0,0.021875333040952682
FCD,modmrmr,quotient_trap_clf,10,2,0.6666666666666666,0.5,0.02431383403018117
FCQ,modmrmr,quotient_trap_clf,3,2,0.7499999999999999,0.0,0.021185124991461635
FCQ,modmrmr,quotient_trap_clf,5,2,1.0,0.0,0.022480082989204675
FCQ,modmrmr,quotient_trap_clf,10,2,0.6666666666666666,0.5,0.025461249984800816
ModMRMR,modmrmr,quotient_trap_clf,3,2,0.7499999999999999,0.0,0.021098333003465086
ModMRMR,modmrmr,quotient_trap_clf,5,2,0.6,0.4,0.022287500032689422
ModMRMR,modmrmr,quotient_trap_clf,10,2,0.6666666666666666,0.5,0.025158042029943317
mrmr_selection_classif,external,probe_breast_cancer,3,0,0.18181818181818182,0.0,1.263832583965268
mrmr_selection_classif,external,probe_breast_cancer,5,0,0.2857142857142857,0.0,0.0735067090135999
mrmr_selection_classif,external,probe_breast_cancer,10,0,0.5,0.0,0.14457745902473107
cmim,external,probe_breast_cancer,3,0,0.18181818181818182,0.0,0.04036433302098885
cmim,external,probe_breast_cancer,5,0,0.2857142857142857,0.0,0.06718183297198266
cmim,external,probe_breast_cancer,10,0,0.5,0.0,0.13486929098144174
jmi,external,probe_breast_cancer,3,0,0.0606060606060606,0.6666666666666666,0.03755904198624194
jmi,external,probe_breast_cancer,5,0,0.05714285714285715,0.8,0.06759383296594024
jmi,external,probe_breast_cancer,10,0,0.3,0.4,0.1347453340422362
MID,modmrmr,probe_breast_cancer,3,0,0.18181818181818182,0.0,1.5960868749534711
MID,modmrmr,probe_breast_cancer,5,0,0.2285714285714286,0.2,1.5840486660017632
MID,modmrmr,probe_breast_cancer,10,0,0.45000000000000007,0.1,1.6116181670222431
MIQ,modmrmr,probe_breast_cancer,3,0,0.0606060606060606,0.6666666666666666,1.679651417012792
MIQ,modmrmr,probe_breast_cancer,5,0,0.17142857142857143,0.4,1.6515267080394551
MIQ,modmrmr,probe_breast_cancer,10,0,0.35,0.3,1.6756251670303755
FCD,modmrmr,probe_breast_cancer,3,0,0.18181818181818182,0.0,0.18773370899725705
FCD,modmrmr,probe_breast_cancer,5,0,0.2857142857142857,0.0,0.18934279098175466
FCD,modmrmr,probe_breast_cancer,10,0,0.5,0.0,0.19139008299680427
FCQ,modmrmr,probe_breast_cancer,3,0,0.18181818181818182,0.0,0.18705658300314099
FCQ,modmrmr,probe_breast_cancer,5,0,0.2857142857142857,0.0,0.1869899170123972
FCQ,modmrmr,probe_breast_cancer,10,0,0.5,0.0,0.1923222080222331
ModMRMR,modmrmr,probe_breast_cancer,3,0,0.18181818181818182,0.0,0.18872237502364442
ModMRMR,modmrmr,probe_breast_cancer,5,0,0.2857142857142857,0.0,0.18784108298132196
ModMRMR,modmrmr,probe_breast_cancer,10,0,0.5,0.0,0.19205208297353238
mrmr_selection_classif,external,probe_breast_cancer,3,1,0.18181818181818182,0.0,0.10588308400474489
mrmr_selection_classif,external,probe_breast_cancer,5,1,0.2857142857142857,0.0,0.06892145803431049
mrmr_selection_classif,external,probe_breast_cancer,10,1,0.5,0.0,0.14571325003635138
cmim,external,probe_breast_cancer,3,1,0.18181818181818182,0.0,0.038166958023793995
cmim,external,probe_breast_cancer,5,1,0.2857142857142857,0.0,0.06717583298450336
cmim,external,probe_breast_cancer,10,1,0.5,0.0,0.13677733298391104
jmi,external,probe_breast_cancer,3,1,0.0,1.0,0.039632582978811115
jmi,external,probe_breast_cancer,5,1,0.0,1.0,0.06916004203958437
jmi,external,probe_breast_cancer,10,1,0.15,0.7,0.13600479200249538
MID,modmrmr,probe_breast_cancer,3,1,0.18181818181818182,0.0,1.6288948750006966
MID,modmrmr,probe_breast_cancer,5,1,0.2857142857142857,0.0,1.6032366250292398
MID,modmrmr,probe_breast_cancer,10,1,0.35,0.3,1.6258771669818088
MIQ,modmrmr,probe_breast_cancer,3,1,0.1212121212121212,0.3333333333333333,1.677058459026739
MIQ,modmrmr,probe_breast_cancer,5,1,0.17142857142857143,0.4,1.6124632499995641
MIQ,modmrmr,probe_breast_cancer,10,1,0.3,0.4,1.5954902920057066
FCD,modmrmr,probe_breast_cancer,3,1,0.18181818181818182,0.0,0.1901751250261441
FCD,modmrmr,probe_breast_cancer,5,1,0.2857142857142857,0.0,0.19321654201485217
FCD,modmrmr,probe_breast_cancer,10,1,0.5,0.0,0.19588779099285603
FCQ,modmrmr,probe_breast_cancer,3,1,0.18181818181818182,0.0,0.19101366703398526
FCQ,modmrmr,probe_breast_cancer,5,1,0.2857142857142857,0.0,0.19231854198733345
FCQ,modmrmr,probe_breast_cancer,10,1,0.5,0.0,0.1956875420291908
ModMRMR,modmrmr,probe_breast_cancer,3,1,0.18181818181818182,0.0,0.1904483750113286
ModMRMR,modmrmr,probe_breast_cancer,5,1,0.2857142857142857,0.0,0.1895483749685809
ModMRMR,modmrmr,probe_breast_cancer,10,1,0.5,0.0,0.19318179198307917
mrmr_selection_classif,external,probe_breast_cancer,3,2,0.18181818181818182,0.0,0.10352387500461191
mrmr_selection_classif,external,probe_breast_cancer,5,2,0.2857142857142857,0.0,0.07485658297082409
mrmr_selection_classif,external,probe_breast_cancer,10,2,0.5,0.0,0.1460532500059344
cmim,external,probe_breast_cancer,3,2,0.18181818181818182,0.0,0.039711459015961736
cmim,external,probe_breast_cancer,5,2,0.2857142857142857,0.0,0.06819541699951515
cmim,external,probe_breast_cancer,10,2,0.5,0.0,0.13552141602849588
jmi,external,probe_breast_cancer,3,2,0.0606060606060606,0.6666666666666666,0.03778758295811713
jmi,external,probe_breast_cancer,5,2,0.17142857142857143,0.4,0.06791141600115225
jmi,external,probe_breast_cancer,10,2,0.35,0.3,0.13542733300710097
MID,modmrmr,probe_breast_cancer,3,2,0.18181818181818182,0.0,1.6168787089991383
MID,modmrmr,probe_breast_cancer,5,2,0.2857142857142857,0.0,1.602978000009898
MID,modmrmr,probe_breast_cancer,10,2,0.4,0.2,1.6129266250063665
MIQ,modmrmr,probe_breast_cancer,3,2,0.1212121212121212,0.3333333333333333,1.5865355000132695
MIQ,modmrmr,probe_breast_cancer,5,2,0.2285714285714286,0.2,1.6146027089562267
MIQ,modmrmr,probe_breast_cancer,10,2,0.35,0.3,1.623114167014137
FCD,modmrmr,probe_breast_cancer,3,2,0.18181818181818182,0.0,0.18985033401986584
FCD,modmrmr,probe_breast_cancer,5,2,0.2857142857142857,0.0,0.18967516702832654
FCD,modmrmr,probe_breast_cancer,10,2,0.5,0.0,0.19161341700237244
FCQ,modmrmr,probe_breast_cancer,3,2,0.18181818181818182,0.0,0.18926600000122562
FCQ,modmrmr,probe_breast_cancer,5,2,0.2857142857142857,0.0,0.18964504200266674
FCQ,modmrmr,probe_breast_cancer,10,2,0.5,0.0,0.1936930000083521
ModMRMR,modmrmr,probe_breast_cancer,3,2,0.18181818181818182,0.0,0.18835883401334286
ModMRMR,modmrmr,probe_breast_cancer,5,2,0.2857142857142857,0.0,0.18875020794803277
ModMRMR,modmrmr,probe_breast_cancer,10,2,0.5,0.0,0.19314574997406453
mrmr_selection_classif,external,probe_diabetes,3,0,0.4615384615384615,0.0,0.0980650830315426
mrmr_selection_classif,external,probe_diabetes,5,0,0.6666666666666666,0.0,0.07303520804271102
mrmr_selection_classif,external,probe_diabetes,10,0,0.8000000000000002,0.2,0.26055687497137114
MID,modmrmr,probe_diabetes,3,0,0.30769230769230765,0.3333333333333333,0.35781729099107906
MID,modmrmr,probe_diabetes,5,0,0.4,0.4,0.35696974996244535
MID,modmrmr,probe_diabetes,10,0,0.6,0.4,0.35937704204116017
MIQ,modmrmr,probe_diabetes,3,0,0.15384615384615383,0.6666666666666666,0.3547921249992214
MIQ,modmrmr,probe_diabetes,5,0,0.4,0.4,0.3578604169888422
MIQ,modmrmr,probe_diabetes,10,0,0.7,0.3,0.3605382079840638
FCD,modmrmr,probe_diabetes,3,0,0.4615384615384615,0.0,0.04740350000793114
FCD,modmrmr,probe_diabetes,5,0,0.6666666666666666,0.0,0.04796629096381366
FCD,modmrmr,probe_diabetes,10,0,0.9,0.1,0.050340083020273596
FCQ,modmrmr,probe_diabetes,3,0,0.4615384615384615,0.0,0.04845145804574713
FCQ,modmrmr,probe_diabetes,5,0,0.6666666666666666,0.0,0.04874608397949487
FCQ,modmrmr,probe_diabetes,10,0,0.8000000000000002,0.2,0.051247082999907434
ModMRMR,modmrmr,probe_diabetes,3,0,0.4615384615384615,0.0,0.04814300005091354
ModMRMR,modmrmr,probe_diabetes,5,0,0.6666666666666666,0.0,0.05011454096529633
ModMRMR,modmrmr,probe_diabetes,10,0,0.8000000000000002,0.2,0.051629916997626424
mrmr_selection_classif,external,probe_diabetes,3,1,0.4615384615384615,0.0,0.10063466598512605
mrmr_selection_classif,external,probe_diabetes,5,1,0.6666666666666666,0.0,0.7891141670406796
mrmr_selection_classif,external,probe_diabetes,10,1,0.9,0.1,0.25436704204184934
MID,modmrmr,probe_diabetes,3,1,0.30769230769230765,0.3333333333333333,0.38842733297497034
MID,modmrmr,probe_diabetes,5,1,0.4,0.4,0.35700654197717085
MID,modmrmr,probe_diabetes,10,1,0.6,0.4,0.3812391249812208
MIQ,modmrmr,probe_diabetes,3,1,0.15384615384615383,0.6666666666666666,0.3973502080189064
MIQ,modmrmr,probe_diabetes,5,1,0.13333333333333333,0.8,0.3768241250072606
MIQ,modmrmr,probe_diabetes,10,1,0.5,0.5,0.37322279199725017
FCD,modmrmr,probe_diabetes,3,1,0.4615384615384615,0.0,0.04784837499028072
FCD,modmrmr,probe_diabetes,5,1,0.6666666666666666,0.0,0.0485535420011729
FCD,modmrmr,probe_diabetes,10,1,0.9,0.1,0.0505776249920018
FCQ,modmrmr,probe_diabetes,3,1,0.4615384615384615,0.0,0.04818820796208456
FCQ,modmrmr,probe_diabetes,5,1,0.6666666666666666,0.0,0.05071400001179427
FCQ,modmrmr,probe_diabetes,10,1,0.9,0.1,0.0524428749922663
ModMRMR,modmrmr,probe_diabetes,3,1,0.4615384615384615,0.0,0.04806229198584333
ModMRMR,modmrmr,probe_diabetes,5,1,0.6666666666666666,0.0,0.04927529103588313
ModMRMR,modmrmr,probe_diabetes,10,1,0.8000000000000002,0.2,0.0524308750173077
mrmr_selection_classif,external,probe_diabetes,3,2,0.4615384615384615,0.0,0.10363383399089798
mrmr_selection_classif,external,probe_diabetes,5,2,0.6666666666666666,0.0,0.07114129100227728
mrmr_selection_classif,external,probe_diabetes,10,2,0.8000000000000002,0.2,1.068416416994296
MID,modmrmr,probe_diabetes,3,2,0.4615384615384615,0.0,0.4120791250024922
MID,modmrmr,probe_diabetes,5,2,0.5333333333333333,0.2,0.39548033400205895
MID,modmrmr,probe_diabetes,10,2,0.6,0.4,0.4023143340018578
MIQ,modmrmr,probe_diabetes,3,2,0.15384615384615383,0.6666666666666666,0.38954699999885634
MIQ,modmrmr,probe_diabetes,5,2,0.26666666666666666,0.6,0.3853154170210473
MIQ,modmrmr,probe_diabetes,10,2,0.5,0.5,0.3869688750128262
FCD,modmrmr,probe_diabetes,3,2,0.4615384615384615,0.0,0.04961087502306327
FCD,modmrmr,probe_diabetes,5,2,0.6666666666666666,0.0,0.049975625006482005
FCD,modmrmr,probe_diabetes,10,2,0.9,0.1,0.05309433402726427
FCQ,modmrmr,probe_diabetes,3,2,0.4615384615384615,0.0,0.04841904202476144
FCQ,modmrmr,probe_diabetes,5,2,0.6666666666666666,0.0,0.051138499984517694
FCQ,modmrmr,probe_diabetes,10,2,0.8000000000000002,0.2,0.05606270796852186
ModMRMR,modmrmr,probe_diabetes,3,2,0.4615384615384615,0.0,0.05150508403312415
ModMRMR,modmrmr,probe_diabetes,5,2,0.6666666666666666,0.0,0.05312504101311788
ModMRMR,modmrmr,probe_diabetes,10,2,0.8000000000000002,0.2,0.05409029097063467
