spec,dependence,precision,recall,f1,redundancy_rate,noise_rate,average_precision,roc_auc,downstream_score
dcor|distance_corr|difference|max,nonlinear,0.6331527777777778,0.7277777777777779,0.6202981000481,0.0011458333333333333,0.26565277777777774,0.7506755952380952,0.8174652777777778,0.6684943429578545
dcor|distance_corr|difference|mean,nonlinear,0.6300515873015873,0.7606944444444445,0.6240256132756133,0.008624999999999999,0.26396230158730155,0.757157738095238,0.8333333333333334,0.6682645121956715
dcor|distance_corr|difference|sum,nonlinear,0.6686666666666666,0.73,0.6431354016354016,0.0011458333333333333,0.22906944444444444,0.7493472222222223,0.8192708333333333,0.6655242264068318
dcor|distance_corr|multiplicative|max,nonlinear,0.5891904761904763,0.87,0.6297246272246272,0.0022916666666666667,0.3407599206349206,0.8133581349206349,0.8828472222222223,0.6952073242138322
dcor|distance_corr|multiplicative|mean,nonlinear,0.581108134920635,0.8658333333333333,0.6227234848484848,0.015759920634920634,0.33869742063492064,0.8078720238095238,0.876388888888889,0.6953741961350809
dcor|distance_corr|multiplicative|sum,nonlinear,0.5994980158730159,0.8681944444444444,0.6397053270803271,0.0025,0.3294484126984127,0.8122867063492063,0.8823263888888889,0.6943564423639209
dcor|distance_corr|quotient|max,nonlinear,0.42018849206349207,0.9045833333333333,0.505082251082251,0.0074583333333333324,0.5207202380952382,0.8076547619047619,0.8667013888888889,0.7136991364619466
dcor|distance_corr|quotient|mean,nonlinear,0.4211746031746032,0.905,0.5063044733044733,0.008805555555555556,0.5178174603174603,0.8082599206349207,0.8687847222222222,0.7126702576957007
dcor|distance_corr|quotient|sum,nonlinear,0.4415813492063492,0.8941666666666667,0.5287666546416546,0.009991071428571429,0.49417063492063495,0.8079910714285714,0.8694444444444444,0.7153341506034451
dcor|mutual_info_sklearn|difference|max,nonlinear,0.5622132936507936,0.7591666666666667,0.5864686748436748,0.0011458333333333333,0.35755059523809524,0.7687718253968253,0.8155902777777778,0.6978195850394416
dcor|mutual_info_sklearn|difference|mean,nonlinear,0.5569176587301587,0.7820833333333334,0.5834671115921116,0.00493452380952381,0.3610248015873016,0.7691507936507936,0.8157986111111112,0.6976424816356693
dcor|mutual_info_sklearn|difference|sum,nonlinear,0.5688928571428572,0.7579166666666667,0.5934138407888409,0.0011458333333333333,0.3487321428571428,0.7680922619047619,0.8180902777777778,0.6982172002079858
dcor|mutual_info_sklearn|multiplicative|max,nonlinear,0.5548263888888889,0.7995833333333333,0.5877142255892256,0.0021875,0.3674037698412698,0.7793303571428571,0.82,0.7060971313784753
dcor|mutual_info_sklearn|multiplicative|mean,nonlinear,0.5589603174603174,0.8266666666666667,0.5955669191919193,0.005767857142857143,0.3610912698412698,0.784092261904762,0.8392708333333333,0.7061380331888433
dcor|mutual_info_sklearn|multiplicative|sum,nonlinear,0.5559464285714285,0.7979166666666667,0.5885202621452621,0.0021875,0.3662281746031746,0.7793353174603175,0.8204861111111111,0.7057917085352288
dcor|mutual_info_sklearn|quotient|max,nonlinear,0.3650049603174603,0.8323611111111111,0.4466224747474748,0.006726190476190476,0.5770347222222223,0.7001051587301587,0.7346736111111111,0.6846539978807875
dcor|mutual_info_sklearn|quotient|mean,nonlinear,0.36704265873015873,0.8419444444444445,0.4499558080808081,0.006666666666666667,0.5754494047619048,0.7018621031746032,0.7385486111111111,0.6844089320746969
dcor|mutual_info_sklearn|quotient|sum,nonlinear,0.36423908730158727,0.8294444444444444,0.44548490860990864,0.007083333333333333,0.5774196428571429,0.7011329365079365,0.7378541666666666,0.684365246990446
dcor|pearson_abs|difference|max,nonlinear,0.6225208333333333,0.8422222222222222,0.6504656084656085,0.0011458333333333333,0.30587202380952383,0.7891180555555555,0.8692361111111111,0.6795100725448455
dcor|pearson_abs|difference|mean,nonlinear,0.6023015873015873,0.8498611111111112,0.6335313852813852,0.0116359126984127,0.3201686507936508,0.7909781746031745,0.8698611111111111,0.6783691224614656
dcor|pearson_abs|difference|sum,nonlinear,0.6437916666666667,0.8295833333333333,0.6661473063973065,0.0011458333333333333,0.28144444444444444,0.7841517857142858,0.8633333333333333,0.6750738603898655
dcor|pearson_abs|multiplicative|max,nonlinear,0.5889871031746031,0.8820833333333333,0.6352406806156806,0.0022916666666666667,0.34412996031746035,0.820094246031746,0.889375,0.7020000439909602
dcor|pearson_abs|multiplicative|mean,nonlinear,0.5814573412698413,0.88125,0.6288114478114478,0.012907738095238095,0.3435248015873016,0.8179761904761904,0.887013888888889,0.7015929879594978
dcor|pearson_abs|multiplicative|sum,nonlinear,0.5939742063492063,0.8825,0.6398144540644541,0.0022916666666666667,0.3393710317460318,0.820094246031746,0.8892708333333333,0.7024478213375803
dcor|pearson_abs|quotient|max,nonlinear,0.3716190476190476,0.871388888888889,0.4613163780663781,0.00625,0.5705674603174603,0.7123234126984127,0.8069722222222222,0.6739764366901847
dcor|pearson_abs|quotient|mean,nonlinear,0.37030654761904763,0.8715277777777777,0.46027886002886004,0.007916666666666667,0.5703244047619048,0.7092281746031746,0.8023888888888889,0.6756961373329866
dcor|pearson_abs|quotient|sum,nonlinear,0.3725892857142857,0.8648611111111111,0.46251268638768633,0.008179563492063491,0.5674365079365079,0.7091835317460317,0.8025625000000001,0.6755267486538455
dcor|spearman_abs|difference|max,nonlinear,0.6067599206349206,0.8326388888888888,0.6354449254449255,0.0011458333333333333,0.323,0.7789335317460317,0.8601041666666667,0.6740556791326936
dcor|spearman_abs|difference|mean,nonlinear,0.5914573412698413,0.8473611111111111,0.6239831048581049,0.011974206349206349,0.3315585317460318,0.7840476190476191,0.8649652777777778,0.6741258371282871
dcor|spearman_abs|difference|sum,nonlinear,0.6308472222222222,0.8238888888888889,0.6551354016354016,0.0011458333333333333,0.2950416666666667,0.7753422619047619,0.85625,0.6680494171951701
dcor|spearman_abs|multiplicative|max,nonlinear,0.5896299603174603,0.8820833333333333,0.6357995430495431,0.0021875,0.3434732142857143,0.820094246031746,0.8893055555555556,0.7016877877494234
dcor|spearman_abs|multiplicative|mean,nonlinear,0.5794732142857143,0.8808333333333334,0.6270449134199134,0.013393849206349204,0.3450922619047619,0.8162053571428571,0.8846180555555556,0.7007278764872027
dcor|spearman_abs|multiplicative|sum,nonlinear,0.5931498015873016,0.8825,0.6391539201539203,0.0022916666666666667,0.3400843253968254,0.8199751984126984,0.8887152777777777,0.7018749376399309
dcor|spearman_abs|quotient|max,nonlinear,0.36681349206349206,0.8679166666666667,0.4564850288600289,0.006458333333333333,0.5756230158730159,0.7047331349206349,0.7967500000000001,0.6729732797900749
dcor|spearman_abs|quotient|mean,nonlinear,0.3680565476190476,0.8695833333333334,0.4580149711399712,0.0076875,0.5730882936507936,0.7058501984126984,0.79825,0.6722149770860826
dcor|spearman_abs|quotient|sum,nonlinear,0.36991765873015875,0.86375,0.45984361471861473,0.007955357142857142,0.5706319444444444,0.7058204365079365,0.7984930555555556,0.672271335924767
f|distance_corr|difference|max,nonlinear,0.20820833333333333,0.5413888888888888,0.28105188792688796,0.019151785714285715,0.7174166666666667,0.36053869047619047,0.4321259920634921,0.5116666074837873
f|distance_corr|difference|mean,nonlinear,0.21199305555555553,0.5648611111111111,0.2878786075036075,0.018749007936507935,0.7149871031746031,0.3613482142857143,0.43460813492063494,0.5163462061928947
f|distance_corr|difference|sum,nonlinear,0.20468849206349207,0.47333333333333333,0.2673405483405484,0.020576388888888887,0.7168809523809524,0.3595069444444444,0.4351438492063492,0.48272396318903515
f|distance_corr|multiplicative|max,nonlinear,0.21481746031746032,0.6123611111111111,0.29694348244348245,0.015327380952380952,0.7176269841269842,0.36265112433862434,0.43450595238095235,0.5421477931591805
f|distance_corr|multiplicative|mean,nonlinear,0.21724007936507936,0.6259722222222222,0.3011590909090909,0.015169642857142857,0.7157380952380952,0.36321560846560846,0.43792956349206347,0.5426411817732467
f|distance_corr|multiplicative|sum,nonlinear,0.2142876984126984,0.5956944444444445,0.29448581048581046,0.008864087301587302,0.7227480158730158,0.3631435185185185,0.43896130952380946,0.5383760554177678
f|distance_corr|quotient|max,nonlinear,0.21835615079365078,0.6725,0.30813570226070225,0.016887896825396823,0.7140823412698413,0.36324768518518513,0.42984523809523806,0.5763721787431251
f|distance_corr|quotient|mean,nonlinear,0.2210813492063492,0.6869444444444445,0.3128157768157768,0.016686507936507933,0.7122996031746032,0.3648320105820106,0.4366170634920635,0.5788925680154586
f|distance_corr|quotient|sum,nonlinear,0.21858234126984125,0.6515277777777778,0.30581307118807116,0.017316468253968254,0.7133323412698412,0.3640625,0.43587301587301586,0.5598711812364497
f|mutual_info_sklearn|difference|max,nonlinear,0.20715079365079364,0.5486111111111112,0.28130868205868204,0.01910218253968254,0.7186031746031746,0.36181382275132273,0.4302936507936508,0.530110197825655
f|mutual_info_sklearn|difference|mean,nonlinear,0.2091904761904762,0.5738888888888889,0.2866544612794613,0.018568452380952383,0.7188551587301587,0.3616243386243386,0.42779067460317466,0.5366253618286417
f|mutual_info_sklearn|difference|sum,nonlinear,0.2077281746031746,0.5416666666666666,0.281032708032708,0.019272817460317462,0.7174623015873016,0.36160978835978835,0.431453373015873,0.5228690669131314
f|mutual_info_sklearn|multiplicative|max,nonlinear,0.2127638888888889,0.5968055555555555,0.29279930254930253,0.0028125,0.729077380952381,0.3629775132275132,0.43514484126984126,0.542991127934112
f|mutual_info_sklearn|multiplicative|mean,nonlinear,0.21329861111111112,0.6113888888888889,0.2950301226551227,0.013053571428571428,0.7210029761904762,0.3626054894179894,0.4319503968253969,0.5419121600252184
f|mutual_info_sklearn|multiplicative|sum,nonlinear,0.21314781746031747,0.5980555555555556,0.2933746993746994,0.0028125,0.7286656746031746,0.3635340608465608,0.4365684523809524,0.5438749851401492
f|mutual_info_sklearn|quotient|max,nonlinear,0.21974206349206352,0.6690277777777778,0.30886495911495915,0.011967261904761904,0.7170337301587302,0.36634854497354497,0.43100000000000005,0.5850385685613901
f|mutual_info_sklearn|quotient|mean,nonlinear,0.2231468253968254,0.69875,0.31570917508417506,0.011629960317460317,0.7149464285714285,0.3678617724867725,0.4345833333333333,0.5888028080160274
f|mutual_info_sklearn|quotient|sum,nonlinear,0.2184940476190476,0.6591666666666667,0.3063540163540164,0.012086309523809523,0.7182936507936508,0.3664011243386243,0.4316121031746032,0.5795909953189914
f|pearson_abs|difference|max,nonlinear,0.21534325396825393,0.5833333333333334,0.29375114237614236,0.018367063492063494,0.7127083333333334,0.36408730158730157,0.4403720238095238,0.5171006147549083
f|pearson_abs|difference|mean,nonlinear,0.21709523809523812,0.6043055555555555,0.2983814333814334,0.018169642857142856,0.7116964285714286,0.36431613756613757,0.4412956349206349,0.5274286686868289
f|pearson_abs|difference|sum,nonlinear,0.21029563492063494,0.5338888888888889,0.2820455747955748,0.018893849206349206,0.7157876984126984,0.3612688492063492,0.4357549603174603,0.4975323165379927
f|pearson_abs|multiplicative|max,nonlinear,0.21820833333333337,0.6268055555555555,0.30214189514189516,0.014468253968253967,0.7149781746031746,0.3648207671957672,0.4421378968253968,0.5416160796944344
f|pearson_abs|multiplicative|mean,nonlinear,0.21847222222222223,0.6308333333333334,0.3029236411736412,0.014837301587301586,0.7143154761904762,0.36472949735449733,0.44267956349206355,0.5424409206617463
f|pearson_abs|multiplicative|sum,nonlinear,0.21992063492063493,0.6284722222222222,0.3042245670995671,0.0074583333333333324,0.7191666666666666,0.3665152116402116,0.449530753968254,0.5427655530276869
f|pearson_abs|quotient|max,nonlinear,0.2252172619047619,0.6963888888888888,0.31824398749398747,0.016519841269841268,0.707766865079365,0.3742017195767196,0.44867956349206345,0.5805620861022518
f|pearson_abs|quotient|mean,nonlinear,0.22469841269841268,0.7038888888888889,0.3184787157287157,0.01638888888888889,0.7086468253968253,0.37130026455026455,0.44240376984126983,0.586259642314008
f|pearson_abs|quotient|sum,nonlinear,0.22152678571428572,0.6747222222222222,0.3115719696969697,0.01654265873015873,0.7113521825396826,0.37086772486772485,0.44179464285714287,0.5682105275699969
f|spearman_abs|difference|max,nonlinear,0.21614087301587298,0.5873611111111111,0.2952861952861953,0.018375,0.7117916666666666,0.36467559523809523,0.4430178571428572,0.5176642751295929
f|spearman_abs|difference|mean,nonlinear,0.2174424603174603,0.6063888888888889,0.2989184704184704,0.018177579365079365,0.7113035714285714,0.36425264550264547,0.44189285714285714,0.5276834734711358
f|spearman_abs|difference|sum,nonlinear,0.21306051587301586,0.5451388888888888,0.2864159451659452,0.019110119047619046,0.7125982142857142,0.3619289021164021,0.44026190476190474,0.4985465321794207
f|spearman_abs|multiplicative|max,nonlinear,0.21820039682539683,0.6293055555555556,0.3025969215969216,0.015197420634920633,0.7142222222222223,0.3647542989417989,0.44313789682539684,0.5417443754028074
f|spearman_abs|multiplicative|mean,nonlinear,0.21808333333333332,0.6305555555555555,0.3026154401154401,0.015258928571428573,0.7142777777777778,0.3643396164021164,0.44261011904761904,0.5418070705586079
f|spearman_abs|multiplicative|sum,nonlinear,0.22006349206349204,0.6306944444444444,0.3047814454064454,0.008828373015873015,0.7177976190476191,0.36607473544973546,0.44891567460317455,0.5427523926404901
f|spearman_abs|quotient|max,nonlinear,0.22635813492063492,0.7025,0.32020598845598847,0.01640972222222222,0.7066517857142858,0.3755638227513227,0.4525357142857143,0.5834951843419816
f|spearman_abs|quotient|mean,nonlinear,0.2277876984126984,0.7161111111111111,0.32330796055796057,0.016297619047619047,0.7055456349206349,0.3764150132275132,0.4527380952380953,0.5909434531515287
f|spearman_abs|quotient|sum,nonlinear,0.22468055555555555,0.6873611111111111,0.31661976911976913,0.01653373015873016,0.7080218253968253,0.37585945767195766,0.4518789682539683,0.5724743906104798
mi|distance_corr|difference|max,nonlinear,0.6735,0.76125,0.6553953222703223,0.0010416666666666667,0.2537222222222222,0.7803313492063492,0.8425347222222221,0.6688031767249862
mi|distance_corr|difference|mean,nonlinear,0.6756527777777778,0.7683333333333333,0.6589111952861952,0.0011458333333333333,0.25225,0.7833988095238095,0.8481944444444445,0.6693091403784119
mi|distance_corr|difference|sum,nonlinear,0.6764027777777777,0.76375,0.6578953222703222,0.0011458333333333333,0.2508888888888889,0.7814583333333334,0.8452430555555556,0.6691860619211712
mi|distance_corr|multiplicative|max,nonlinear,0.6182222222222222,0.8366666666666667,0.6430366762866763,0.002958333333333333,0.31652777777777774,0.811656746031746,0.8625,0.7008179394375124
mi|distance_corr|multiplicative|mean,nonlinear,0.6155,0.8391666666666666,0.6417906445406445,0.010125,0.31469444444444444,0.8126984126984127,0.8635416666666667,0.7009521964448633
mi|distance_corr|multiplicative|sum,nonlinear,0.6180634920634921,0.8325,0.6409950096200097,0.0022916666666666667,0.31723412698412695,0.809781746031746,0.8607291666666667,0.7000708259032762
mi|distance_corr|quotient|max,nonlinear,0.509514880952381,0.88375,0.591215428090428,0.01036904761904762,0.43211607142857145,0.8332251984126984,0.8765625,0.7251946688469351
mi|distance_corr|quotient|mean,nonlinear,0.5061835317460318,0.8866666666666667,0.5890857984607984,0.010404761904761905,0.43568154761904765,0.8357738095238095,0.879548611111111,0.7247480025227625
mi|distance_corr|quotient|sum,nonlinear,0.5484146825396825,0.88,0.6212192159692159,0.008652777777777777,0.3907956349206349,0.834280753968254,0.878125,0.7262016420377648
mi|mutual_info_sklearn|difference|max,nonlinear,0.642375,0.7916666666666666,0.654516354016354,0.00125,0.3175138888888889,0.7953085317460317,0.8474305555555556,0.7014308122519046
mi|mutual_info_sklearn|difference|mean,nonlinear,0.6384027777777778,0.7966666666666666,0.6528953222703222,0.0010416666666666667,0.3135833333333333,0.797109126984127,0.8494444444444444,0.700935318103653
mi|mutual_info_sklearn|difference|sum,nonlinear,0.642263888888889,0.79,0.653907227032227,0.00125,0.31755555555555554,0.7941805555555556,0.8453125,0.700585778330031
mi|mutual_info_sklearn|multiplicative|max,nonlinear,0.625577380952381,0.8233333333333334,0.6441696127946127,0.003125,0.3313035714285714,0.8038095238095238,0.8510416666666667,0.7048528539870721
mi|mutual_info_sklearn|multiplicative|mean,nonlinear,0.6257579365079364,0.8241666666666667,0.6445585016835017,0.0040625,0.3296924603174603,0.804156746031746,0.8517013888888889,0.7049392074054935
mi|mutual_info_sklearn|multiplicative|sum,nonlinear,0.6252301587301587,0.8233333333333334,0.6438362794612794,0.003125,0.33165079365079364,0.8038095238095238,0.8510416666666667,0.7047856330224808
mi|mutual_info_sklearn|quotient|max,nonlinear,0.45973015873015877,0.8570833333333333,0.5452724867724867,0.007567460317460317,0.4912261904761904,0.787204365079365,0.8365625,0.7129787587771915
mi|mutual_info_sklearn|quotient|mean,nonlinear,0.4577073412698413,0.8675,0.5450791847041847,0.009761904761904762,0.49137996031746034,0.789530753968254,0.8391666666666666,0.7135668506690708
mi|mutual_info_sklearn|quotient|sum,nonlinear,0.4624404761904762,0.8525,0.5468796296296297,0.008196428571428572,0.4873829365079365,0.7874900793650793,0.8365277777777778,0.7132547013821168
mi|pearson_abs|difference|max,nonlinear,0.6583611111111111,0.7954166666666667,0.6642723063973064,0.0011458333333333333,0.27519444444444446,0.7927371031746031,0.8523263888888889,0.6867593581266228
mi|pearson_abs|difference|mean,nonlinear,0.6553472222222222,0.80125,0.6644250841750842,0.0018124999999999999,0.27820833333333334,0.797031746031746,0.8563541666666666,0.6881393809197025
mi|pearson_abs|difference|sum,nonlinear,0.6592916666666666,0.7904166666666667,0.6635461159211159,0.0011458333333333333,0.27311111111111114,0.7905863095238095,0.8484027777777778,0.6851111724422044
mi|pearson_abs|multiplicative|max,nonlinear,0.6216805555555556,0.84375,0.6481239778739779,0.0028541666666666663,0.3165833333333333,0.8137748015873016,0.8649305555555556,0.6996925871130966
mi|pearson_abs|multiplicative|mean,nonlinear,0.6158194444444445,0.84375,0.6434096921596922,0.0105625,0.31725,0.8137748015873016,0.8649305555555556,0.6997254871922295
mi|pearson_abs|multiplicative|sum,nonlinear,0.6219027777777778,0.84375,0.6483144540644541,0.0021875,0.3169166666666667,0.8137748015873016,0.8649305555555556,0.6996879522735817
mi|pearson_abs|quotient|max,nonlinear,0.47903869047619047,0.87625,0.565878787878788,0.010051587301587301,0.46397718253968256,0.807204365079365,0.860625,0.7119092033776198
mi|pearson_abs|quotient|mean,nonlinear,0.4732668650793651,0.8795833333333334,0.5612392376142377,0.009754960317460317,0.47073115079365074,0.8084126984126984,0.8622569444444443,0.7116890207476928
mi|pearson_abs|quotient|sum,nonlinear,0.4940625,0.8741666666666666,0.5790679413179413,0.010563492063492065,0.4474097222222222,0.8077321428571428,0.8617013888888889,0.7130259636388359
mi|spearman_abs|difference|max,nonlinear,0.6520694444444445,0.7929166666666667,0.6588893698893699,0.00125,0.28052777777777776,0.7888938492063492,0.8500347222222222,0.6834532661974788
mi|spearman_abs|difference|mean,nonlinear,0.6505833333333334,0.8016666666666666,0.6609012746512747,0.0021458333333333334,0.28176388888888887,0.7929771825396825,0.8542361111111111,0.6853645959528074
mi|spearman_abs|difference|sum,nonlinear,0.6551944444444444,0.7879166666666667,0.6597068302068302,0.00125,0.2771666666666667,0.7873789682539682,0.8463888888888889,0.6829855805550212
mi|spearman_abs|multiplicative|max,nonlinear,0.6214027777777777,0.8445833333333334,0.6484573112073112,0.0028541666666666663,0.31686111111111115,0.8129414682539683,0.8646527777777777,0.6999933049322309
mi|spearman_abs|multiplicative|mean,nonlinear,0.6158194444444445,0.8445833333333334,0.6439652477152478,0.0105625,0.31725,0.8129414682539683,0.8646527777777777,0.7000488321101214
mi|spearman_abs|multiplicative|sum,nonlinear,0.6214861111111111,0.8433333333333334,0.6481200096200096,0.0021875,0.31719444444444445,0.8126289682539682,0.8644791666666667,0.6994780523485521
mi|spearman_abs|quotient|max,nonlinear,0.4748660714285714,0.875,0.5626525974025974,0.009718253968253968,0.46795535714285713,0.8006269841269841,0.8560069444444444,0.7114831784701843
mi|spearman_abs|quotient|mean,nonlinear,0.4674771825396825,0.8775,0.5563298460798461,0.009727182539682539,0.4759930555555555,0.8017599206349206,0.8572569444444443,0.7103487152158442
mi|spearman_abs|quotient|sum,nonlinear,0.4883025793650793,0.8729166666666667,0.5742967772967773,0.010371031746031746,0.4524712301587302,0.8012460317460317,0.8568402777777777,0.7121092762177477
pearson|distance_corr|difference|max,nonlinear,0.1916875,0.30138888888888893,0.1984025372775373,0.0011458333333333333,0.6854652777777778,0.33717030423280425,0.46214285714285713,0.3347223745083301
pearson|distance_corr|difference|mean,nonlinear,0.18888194444444445,0.2965277777777778,0.19494853294853295,0.007743055555555555,0.6827986111111112,0.3359285714285714,0.4560208333333334,0.3305022326242145
pearson|distance_corr|difference|sum,nonlinear,0.19363194444444443,0.30125,0.20003186628186628,0.0013541666666666667,0.6834375,0.3378505291005291,0.4635674603174603,0.3356873706902458
pearson|distance_corr|multiplicative|max,nonlinear,0.20282539682539683,0.4630555555555555,0.24587325637325638,0.0033958333333333336,0.7074047619047619,0.3499484126984127,0.4515734126984127,0.4400540026687159
pearson|distance_corr|multiplicative|mean,nonlinear,0.20129563492063493,0.4593055555555555,0.2438798701298701,0.011319444444444444,0.7026309523809524,0.3489960317460317,0.4474960317460317,0.43918204476093753
pearson|distance_corr|multiplicative|sum,nonlinear,0.2020684523809524,0.4601388888888889,0.24458621933621932,0.0032291666666666666,0.7077311507936508,0.3497896825396825,0.45109722222222226,0.441116518235545
pearson|distance_corr|quotient|max,nonlinear,0.2125515873015873,0.60875,0.2941753246753247,0.013324404761904761,0.7215694444444445,0.36035119047619046,0.4283373015873016,0.5565256139787966
pearson|distance_corr|quotient|mean,nonlinear,0.21685317460317458,0.6402777777777778,0.30245196007696007,0.01376686507936508,0.7176150793650794,0.3614289021164021,0.43217162698412703,0.5633260299509564
pearson|distance_corr|quotient|sum,nonlinear,0.20847420634920635,0.5338888888888889,0.27825811688311686,0.01638888888888889,0.7188789682539682,0.358656746031746,0.4345813492063492,0.5103511436955649
pearson|mutual_info_sklearn|difference|max,nonlinear,0.20027678571428573,0.37180555555555556,0.23047432659932662,0.0013541666666666667,0.7073482142857143,0.34893187830687833,0.45678769841269845,0.3960160720545809
pearson|mutual_info_sklearn|difference|mean,nonlinear,0.20101190476190478,0.4113888888888889,0.2371473063973064,0.0066150793650793654,0.7035079365079365,0.35064219576719574,0.45522916666666663,0.42013192582958947
pearson|mutual_info_sklearn|difference|sum,nonlinear,0.20299999999999999,0.37069444444444444,0.23275342712842714,0.0015625,0.7043888888888888,0.34919047619047616,0.4597559523809524,0.3899131581658875
pearson|mutual_info_sklearn|multiplicative|max,nonlinear,0.20378373015873016,0.4615277777777778,0.24670526695526693,0.003125,0.7070853174603174,0.3502460317460317,0.44893055555555555,0.44204043581843244
pearson|mutual_info_sklearn|multiplicative|mean,nonlinear,0.20225595238095237,0.45611111111111113,0.24429256854256853,0.0063750000000000005,0.7058630952380953,0.3494494047619048,0.44531944444444443,0.4400957505222154
pearson|mutual_info_sklearn|multiplicative|sum,nonlinear,0.20414484126984128,0.4622222222222222,0.24716756854256852,0.003125,0.7067242063492064,0.35037169312169314,0.4498888888888889,0.4421600610247934
pearson|mutual_info_sklearn|quotient|max,nonlinear,0.2169623015873016,0.6431944444444445,0.3030256132756133,0.007725198412698413,0.7234563492063493,0.36828306878306877,0.43748710317460315,0.5759714843716771
pearson|mutual_info_sklearn|quotient|mean,nonlinear,0.2188105158730159,0.6651388888888888,0.3073982082732083,0.00816765873015873,0.7214573412698413,0.36976124338624333,0.4416597222222222,0.5878644611026883
pearson|mutual_info_sklearn|quotient|sum,nonlinear,0.21718253968253967,0.6293055555555556,0.3017218013468014,0.00866468253968254,0.7218710317460317,0.3693167989417989,0.44216567460317463,0.5662386923234839
pearson|pearson_abs|difference|max,nonlinear,0.20628472222222222,0.35833333333333334,0.22879310966810967,0.0014583333333333334,0.6899930555555556,0.354046626984127,0.4724880952380952,0.3664685122219595
pearson|pearson_abs|difference|mean,nonlinear,0.20017956349206348,0.36291666666666667,0.22505050505050506,0.009083333333333334,0.6923204365079365,0.35085383597883596,0.4553531746031746,0.3749297792488375
pearson|pearson_abs|difference|sum,nonlinear,0.2080625,0.34527777777777774,0.22683952621452624,0.0015625,0.6837569444444445,0.3513369708994709,0.4712767857142857,0.3552648185147734
pearson|pearson_abs|multiplicative|max,nonlinear,0.2044623015873016,0.46458333333333335,0.24754785954785954,0.0032291666666666666,0.7055337301587301,0.3523756613756614,0.4588730158730159,0.439597816765021
pearson|pearson_abs|multiplicative|mean,nonlinear,0.20319146825396825,0.4633333333333333,0.24610473785473785,0.011597222222222222,0.7004712301587301,0.3505472883597884,0.4514375,0.43953437183612354
pearson|pearson_abs|multiplicative|sum,nonlinear,0.2034751984126984,0.4666666666666667,0.24727471139971138,0.003125,0.706125992063492,0.3518042328042328,0.4581041666666667,0.4415531614917278
pearson|pearson_abs|quotient|max,nonlinear,0.22187003968253965,0.6694444444444445,0.31152140452140453,0.00893154761904762,0.7185406746031746,0.3720171957671958,0.4443630952380952,0.5669837428301371
pearson|pearson_abs|quotient|mean,nonlinear,0.22322916666666667,0.6898611111111111,0.31529226791726794,0.008921626984126983,0.7174791666666667,0.36982473544973543,0.43679166666666663,0.5785331694488202
pearson|pearson_abs|quotient|sum,nonlinear,0.21368055555555557,0.5963888888888889,0.29372234247234247,0.010258928571428572,0.7235595238095238,0.3680373677248677,0.43615873015873013,0.5316276226071275
pearson|spearman_abs|difference|max,nonlinear,0.20848611111111112,0.36347222222222225,0.2310945165945166,0.0014583333333333334,0.6849722222222222,0.3510221560846561,0.47461507936507935,0.37254669750690783
pearson|spearman_abs|difference|mean,nonlinear,0.20667063492063492,0.3805555555555556,0.23331523569023568,0.009423611111111112,0.6865654761904761,0.3527582671957672,0.4647698412698413,0.38395916788681933
pearson|spearman_abs|difference|sum,nonlinear,0.21165277777777777,0.3576388888888889,0.23153186628186626,0.0015625,0.6801388888888888,0.3516021825396825,0.4748144841269842,0.36370915994740477
pearson|spearman_abs|multiplicative|max,nonlinear,0.2050734126984127,0.4676388888888889,0.2486589706589707,0.0033333333333333335,0.7051309523809524,0.3525446428571429,0.45933134920634916,0.4399456167955306
pearson|spearman_abs|multiplicative|mean,nonlinear,0.20292063492063492,0.4626388888888889,0.24580447330447333,0.011770833333333333,0.7003948412698413,0.3507688492063492,0.4518611111111111,0.43926848321192485
pearson|spearman_abs|multiplicative|sum,nonlinear,0.20470535714285715,0.47180555555555553,0.24925685425685426,0.0033333333333333335,0.705360119047619,0.35253869047619046,0.45953472222222225,0.4425352414660689
pearson|spearman_abs|quotient|max,nonlinear,0.22641269841269843,0.6801388888888888,0.31731703944203943,0.008779761904761905,0.7136269841269841,0.3778822751322751,0.4546587301587302,0.5695950945674448
pearson|spearman_abs|quotient|mean,nonlinear,0.22830357142857144,0.70625,0.3221130952380952,0.008819444444444446,0.712220238095238,0.37798974867724866,0.4534166666666667,0.5821949494919102
pearson|spearman_abs|quotient|sum,nonlinear,0.22215674603174607,0.6236111111111111,0.30561772486772487,0.010088293650793652,0.7148015873015874,0.37656878306878305,0.4541726190476191,0.5384975489387598
spearman|distance_corr|difference|max,nonlinear,0.17506944444444444,0.29277777777777775,0.18726136363636364,0.0011458333333333333,0.7026388888888888,0.3266931216931217,0.4558948412698413,0.3077458242749155
spearman|distance_corr|difference|mean,nonlinear,0.17252777777777778,0.29055555555555557,0.18452922077922077,0.007847222222222222,0.6997777777777778,0.3255767195767196,0.4512767857142857,0.3053623568745595
spearman|distance_corr|difference|sum,nonlinear,0.17722222222222223,0.29555555555555557,0.18984950697450698,0.0011458333333333333,0.7004027777777778,0.3268458994708995,0.4585615079365079,0.3128739368712024
spearman|distance_corr|multiplicative|max,nonlinear,0.19388095238095238,0.46041666666666664,0.2406472462722463,0.0032291666666666666,0.7166825396825396,0.33990046296296295,0.4422142857142857,0.419605427669214
spearman|distance_corr|multiplicative|mean,nonlinear,0.19315674603174604,0.45958333333333334,0.23990121452621452,0.011770833333333333,0.7101726190476191,0.33957605820105824,0.4393075396825397,0.42062929469124133
spearman|distance_corr|multiplicative|sum,nonlinear,0.1921170634920635,0.45638888888888884,0.23812872775372776,0.0032291666666666666,0.7178214285714285,0.33994411375661376,0.4414613095238096,0.41953577044387924
spearman|distance_corr|quotient|max,nonlinear,0.21080456349206347,0.6108333333333333,0.294096620971621,0.012126984126984127,0.7248402777777777,0.35533862433862434,0.42278075396825393,0.5418936442048617
spearman|distance_corr|quotient|mean,nonlinear,0.21204761904761904,0.6327777777777778,0.29790259740259745,0.013053571428571428,0.7233452380952381,0.3560069444444444,0.4251140873015873,0.5472662298185828
spearman|distance_corr|quotient|sum,nonlinear,0.20640178571428572,0.5363888888888888,0.27767448292448293,0.015646825396825395,0.7218700396825397,0.3540168650793651,0.430046626984127,0.48949092604157024
spearman|mutual_info_sklearn|difference|max,nonlinear,0.19233531746031746,0.37375,0.2263574434824435,0.00125,0.7149424603174603,0.34134821428571427,0.45777083333333335,0.3772670734951465
spearman|mutual_info_sklearn|difference|mean,nonlinear,0.19552281746031747,0.4081944444444444,0.23372829485329485,0.006371031746031746,0.7094712301587301,0.3427400793650794,0.4509087301587302,0.40365987149787186
spearman|mutual_info_sklearn|difference|sum,nonlinear,0.19572916666666668,0.36875,0.22800078162578163,0.00125,0.7109375,0.3416838624338624,0.461233134920635,0.37258710191459277
spearman|mutual_info_sklearn|multiplicative|max,nonlinear,0.19330456349206349,0.46041666666666664,0.24071206108706109,0.0032291666666666666,0.7182311507936507,0.3389341931216931,0.437453373015873,0.42166248734380035
spearman|mutual_info_sklearn|multiplicative|mean,nonlinear,0.1940198412698413,0.46375,0.24196338383838387,0.00625,0.7147519841269842,0.33944708994708994,0.43839087301587304,0.4219627465124763
spearman|mutual_info_sklearn|multiplicative|sum,nonlinear,0.19274900793650793,0.4583333333333333,0.2399025372775373,0.0032291666666666666,0.7186478174603175,0.3387705026455026,0.43693750000000003,0.42078778851184695
spearman|mutual_info_sklearn|quotient|max,nonlinear,0.2134097222222222,0.6473611111111112,0.3013267195767196,0.007003968253968255,0.7279236111111111,0.35549867724867723,0.427968253968254,0.5732354100632873
spearman|mutual_info_sklearn|quotient|mean,nonlinear,0.21541964285714285,0.6702777777777779,0.3060328884078884,0.008327380952380952,0.7248581349206349,0.3595813492063492,0.4415029761904762,0.5875135764299778
spearman|mutual_info_sklearn|quotient|sum,nonlinear,0.21460416666666665,0.6377777777777778,0.301589405964406,0.008395833333333333,0.7250287698412698,0.3575168650793651,0.4379196428571429,0.566985697074775
spearman|pearson_abs|difference|max,nonlinear,0.1831597222222222,0.3331944444444444,0.20679028379028377,0.0013541666666666667,0.7125347222222221,0.33251587301587304,0.4518630952380952,0.33801977548280426
spearman|pearson_abs|difference|mean,nonlinear,0.18214484126984126,0.34041666666666665,0.20801996151996152,0.008902777777777779,0.7093134920634921,0.3313594576719577,0.4422817460317461,0.3410255768310793
spearman|pearson_abs|difference|sum,nonlinear,0.18298611111111113,0.32083333333333336,0.20323971861471862,0.0013541666666666667,0.7097222222222221,0.3297820767195767,0.45126289682539683,0.3292397531447615
spearman|pearson_abs|multiplicative|max,nonlinear,0.1961845238095238,0.4680555555555555,0.24460557960557963,0.0034375,0.7144781746031746,0.3420248015873016,0.4485287698412698,0.42010475147422977
spearman|pearson_abs|multiplicative|mean,nonlinear,0.19451785714285716,0.46458333333333335,0.2424647065897066,0.011395833333333334,0.7095892857142857,0.3400552248677249,0.4420565476190476,0.4208316299251251
spearman|pearson_abs|multiplicative|sum,nonlinear,0.19471230158730157,0.4622222222222222,0.24207912457912456,0.0033333333333333335,0.7156448412698413,0.3405667989417989,0.44519444444444445,0.41829956695167003
spearman|pearson_abs|quotient|max,nonlinear,0.21773313492063495,0.6580555555555555,0.307100468975469,0.00883234126984127,0.7219910714285714,0.3587010582010582,0.4393650793650794,0.5486052935436745
spearman|pearson_abs|quotient|mean,nonlinear,0.2182152777777778,0.6856944444444445,0.3107821669071669,0.00884920634920635,0.7220863095238095,0.3559556878306878,0.4294285714285714,0.5670920675382635
spearman|pearson_abs|quotient|sum,nonlinear,0.20842162698412697,0.5858333333333333,0.28806992544492543,0.010214285714285716,0.7282331349206349,0.35475165343915344,0.4308224206349206,0.5061223414281756
spearman|spearman_abs|difference|max,nonlinear,0.1933125,0.3493055555555556,0.2180247715247715,0.0016666666666666668,0.7001736111111111,0.33611574074074074,0.4630327380952381,0.3380265874002819
spearman|spearman_abs|difference|mean,nonlinear,0.19040277777777775,0.3623611111111111,0.2187025012025012,0.009166666666666667,0.7013472222222222,0.33643022486772484,0.45260416666666664,0.3475170246851591
spearman|spearman_abs|difference|sum,nonlinear,0.19581944444444443,0.3456944444444444,0.2194882154882155,0.0014583333333333334,0.6959861111111111,0.33598544973544975,0.46514980158730157,0.3309370516627768
spearman|spearman_abs|multiplicative|max,nonlinear,0.19704563492063493,0.46888888888888886,0.2453158970658971,0.0034375,0.7137559523809524,0.3420347222222222,0.44877182539682536,0.42108583894357393
spearman|spearman_abs|multiplicative|mean,nonlinear,0.1953998015873016,0.46541666666666665,0.24332714045214046,0.011395833333333334,0.7085684523809523,0.34000661375661373,0.44223015873015875,0.42157404659501013
spearman|spearman_abs|multiplicative|sum,nonlinear,0.19596329365079365,0.4659722222222222,0.2436737012987013,0.0033333333333333335,0.7148303571428571,0.3412473544973545,0.447625,0.4199537517050272
spearman|spearman_abs|quotient|max,nonlinear,0.2213670634920635,0.6720833333333334,0.3120229677729678,0.008299603174603175,0.7193313492063492,0.3600046296296296,0.4434871031746032,0.555167535224984
spearman|spearman_abs|quotient|mean,nonlinear,0.22103869047619049,0.6966666666666667,0.31483363395863395,0.009108134920634921,0.7196101190476191,0.3584156746031746,0.4363839285714286,0.5691156812364453
spearman|spearman_abs|quotient|sum,nonlinear,0.2146140873015873,0.6104166666666667,0.29753541366041364,0.010283730158730159,0.7227410714285715,0.357005291005291,0.43698611111111113,0.5212543669217173
