kind,dataset,p,operator,aggregation,k,recovery_f1,noise_rate,recall_informative,average_precision,roc_auc,downstream_score,runtime_s
real,arcene,10000,difference,mean,5,,,,,,0.6996606334841629,2.057334812596673
real,arcene,10000,difference,mean,10,,,,,,0.7230769230769231,1.9636089333042037
real,arcene,10000,difference,mean,20,,,,,,0.76289592760181,1.992829541687388
real,arcene,10000,multiplicative,max,5,,,,,,0.7226244343891403,2.114631262799958
real,arcene,10000,multiplicative,max,10,,,,,,0.7345022624434389,2.475285962491762
real,arcene,10000,multiplicative,max,20,,,,,,0.7478506787330317,2.30523820410599
real,arcene,10000,multiplicative,mean,5,,,,,,0.7496606334841629,2.0213635457854253
real,arcene,10000,multiplicative,mean,10,,,,,,0.7440045248868778,1.9697161752032115
real,arcene,10000,multiplicative,mean,20,,,,,,0.7668552036199096,2.0434687916073018
real,arcene,10000,quotient,mean,5,,,,,,0.6438914027149322,1.9828320081927813
real,arcene,10000,quotient,mean,10,,,,,,0.6591628959276018,2.038741999905324
real,arcene,10000,quotient,mean,20,,,,,,0.6918552036199095,2.14434747940395
real,isolet,617,difference,mean,5,,,,,,0.34978632478632476,0.09790445020189509
real,isolet,617,difference,mean,10,,,,,,0.505897435897436,0.09962856681086123
real,isolet,617,difference,mean,20,,,,,,0.6476068376068376,0.10708367100451141
real,isolet,617,multiplicative,max,5,,,,,,0.300982905982906,0.0972664583940059
real,isolet,617,multiplicative,max,10,,,,,,0.4818376068376068,0.10190774179063737
real,isolet,617,multiplicative,max,20,,,,,,0.6677777777777778,0.10953952931449748
real,isolet,617,multiplicative,mean,5,,,,,,0.26384615384615384,0.09728492510039359
real,isolet,617,multiplicative,mean,10,,,,,,0.45867521367521363,0.10110088320216164
real,isolet,617,multiplicative,mean,20,,,,,,0.6188888888888889,0.11011452500824817
real,isolet,617,quotient,mean,5,,,,,,0.304017094017094,0.09695885828696191
real,isolet,617,quotient,mean,10,,,,,,0.5272649572649573,0.1000332914001774
real,isolet,617,quotient,mean,20,,,,,,0.6742735042735043,0.10796397900558077
real,madelon,500,difference,mean,5,,,,,,0.5923076923076923,0.06787987480056472
real,madelon,500,difference,mean,10,,,,,,0.6023076923076923,0.07085816250764765
real,madelon,500,difference,mean,20,,,,,,0.6471794871794871,0.0776312458096072
real,madelon,500,multiplicative,max,5,,,,,,0.6197435897435898,0.06705215010442771
real,madelon,500,multiplicative,max,10,,,,,,0.6867948717948718,0.07096007931395434
real,madelon,500,multiplicative,max,20,,,,,,0.6978205128205128,0.07825211251038126
real,madelon,500,multiplicative,mean,5,,,,,,0.7273076923076923,0.0676986624894198
real,madelon,500,multiplicative,mean,10,,,,,,0.8197435897435896,0.07176941261277534
real,madelon,500,multiplicative,mean,20,,,,,,0.8412820512820514,0.07996787930023856
real,madelon,500,quotient,mean,5,,,,,,0.5664102564102564,0.06687711649574339
real,madelon,500,quotient,mean,10,,,,,,0.5935897435897436,0.07026082910597324
real,madelon,500,quotient,mean,20,,,,,,0.5897435897435896,0.0785459877923131
real,riboflavin,4088,difference,mean,5,,,,,,0.4934575660288463,0.578132374904817
real,riboflavin,4088,difference,mean,10,,,,,,0.5252311828736855,0.5876693416037597
real,riboflavin,4088,difference,mean,20,,,,,,0.4981431801462497,0.6011428583005909
real,riboflavin,4088,multiplicative,max,5,,,,,,0.5122802264227857,0.5795232457108795
real,riboflavin,4088,multiplicative,max,10,,,,,,0.5469672584299212,0.5922275124001317
real,riboflavin,4088,multiplicative,max,20,,,,,,0.5173335803871154,0.6198338704998605
real,riboflavin,4088,multiplicative,mean,5,,,,,,0.5037163138407229,0.5828234165965114
real,riboflavin,4088,multiplicative,mean,10,,,,,,0.5158985280919366,0.5832678248989396
real,riboflavin,4088,multiplicative,mean,20,,,,,,0.5048592683752517,0.6438079292012844
real,riboflavin,4088,quotient,mean,5,,,,,,0.23264029534939193,0.5709704666864127
real,riboflavin,4088,quotient,mean,10,,,,,,0.3971792495992934,0.5887568541977088
real,riboflavin,4088,quotient,mean,20,,,,,,0.5133443586465577,0.6138649040018208
synthetic,synthetic_p1000,1000,difference,mean,5,0.336,0.16,0.3,0.20216666666666666,0.6482814070351759,,0.13413527079974302
synthetic,synthetic_p1000,1000,difference,mean,10,0.4866666666666667,0.27,0.42000000000000004,0.23528888888888888,0.7065025125628142,,0.13827547518885694
synthetic,synthetic_p1000,1000,difference,mean,20,0.5349999999999999,0.465,0.6799999999999999,0.29135084418505475,0.8330854271356785,,0.1479888540925458
synthetic,synthetic_p1000,1000,multiplicative,max,5,0.4,0.0,0.24,0.1518,0.6181306532663317,,0.13335826249676758
synthetic,synthetic_p1000,1000,multiplicative,max,10,0.5933333333333334,0.11000000000000001,0.5599999999999999,0.24473174603174602,0.7761206030150753,,0.13791050010477193
synthetic,synthetic_p1000,1000,multiplicative,max,20,0.5349999999999999,0.465,0.62,0.25904713064713064,0.8038693467336684,,0.14808957498753444
synthetic,synthetic_p1000,1000,multiplicative,mean,5,0.4,0.0,0.24000000000000005,0.14146666666666668,0.6181306532663317,,0.13408906660042702
synthetic,synthetic_p1000,1000,multiplicative,mean,10,0.6666666666666666,0.0,0.62,0.263868253968254,0.8061407035175879,,0.1382931627042126
synthetic,synthetic_p1000,1000,multiplicative,mean,20,0.765,0.23499999999999996,0.6799999999999999,0.28063119103119105,0.8343115577889447,,0.14825211240677164
synthetic,synthetic_p1000,1000,quotient,mean,5,0.11200000000000002,0.72,0.1,0.0795,0.5478190954773869,,0.1327052876120433
synthetic,synthetic_p1000,1000,quotient,mean,10,0.19333333333333333,0.71,0.2,0.11034920634920635,0.5955778894472361,,0.13827452079858632
synthetic,synthetic_p1000,1000,quotient,mean,20,0.26,0.74,0.27999999999999997,0.11842539682539684,0.6314572864321608,,0.14815922488924116
synthetic,synthetic_p1000,1000,reg_quotient,mean,5,0.4,0.0,0.38,0.2634333333333333,0.6885226130653266,,0.13038260421017184
synthetic,synthetic_p1000,1000,reg_quotient,mean,10,0.6399999999999999,0.04,0.58,0.3347190476190476,0.7868442211055277,,0.13436731229885482
synthetic,synthetic_p1000,1000,reg_quotient,mean,20,0.625,0.375,0.6799999999999999,0.3581001665001665,0.8348743718592966,,0.14294238329748624
synthetic,synthetic_p10000,10000,difference,mean,5,0.32,0.2,0.32,0.19867333333333334,0.6598279139569785,,2.23146673340234
synthetic,synthetic_p10000,10000,difference,mean,10,0.4866666666666667,0.27,0.42000000000000004,0.22569476190476193,0.709647823911956,,2.2562309708911927
synthetic,synthetic_p10000,10000,difference,mean,20,0.52,0.48,0.64,0.27450146766202493,0.8193076538269135,,2.3122138708014974
synthetic,synthetic_p10000,10000,multiplicative,max,5,0.4,0.0,0.26,0.15070333333333336,0.6298169084542271,,2.1834419209044427
synthetic,synthetic_p10000,10000,multiplicative,max,10,0.5266666666666666,0.21000000000000002,0.42000000000000004,0.1982026984126984,0.7096378189094548,,2.263709024805576
synthetic,synthetic_p10000,10000,multiplicative,max,20,0.43000000000000005,0.5700000000000001,0.48,0.21152234876234877,0.7393376688344172,,2.2306771456846035
synthetic,synthetic_p10000,10000,multiplicative,mean,5,0.4,0.0,0.24,0.14604666666666669,0.6198139069534767,,2.1832199623051567
synthetic,synthetic_p10000,10000,multiplicative,mean,10,0.6666666666666666,0.0,0.62,0.274205873015873,0.8096318159079541,,2.2716147414175794
synthetic,synthetic_p10000,10000,multiplicative,mean,20,0.74,0.26,0.6799999999999999,0.2907842646242646,0.8394477238619309,,2.3262554793152956
synthetic,synthetic_p10000,10000,quotient,mean,5,0.08800000000000001,0.78,0.06000000000000001,0.06047,0.5297768884442221,,2.225341479096096
synthetic,synthetic_p10000,10000,quotient,mean,10,0.13999999999999999,0.79,0.1,0.07211666666666668,0.5495457728864432,,2.1821885415003637
synthetic,synthetic_p10000,10000,quotient,mean,20,0.22000000000000003,0.78,0.3,0.10067345019961119,0.6490695347673837,,2.2306645542033947
synthetic,synthetic_p10000,10000,reg_quotient,mean,5,0.376,0.06000000000000001,0.33999999999999997,0.23166333333333333,0.6698389194597298,,2.2374807333922946
synthetic,synthetic_p10000,10000,reg_quotient,mean,10,0.6066666666666667,0.09,0.48,0.28113301587301587,0.739663831915958,,2.26151829600567
synthetic,synthetic_p10000,10000,reg_quotient,mean,20,0.6050000000000001,0.395,0.6799999999999999,0.32383687867687866,0.8394017008504253,,2.2487080457154662
synthetic,synthetic_p2000,2000,difference,mean,5,0.336,0.16,0.22000000000000003,0.16028333333333333,0.609092731829574,,0.2690247209975496
synthetic,synthetic_p2000,2000,difference,mean,10,0.4866666666666667,0.27,0.33999999999999997,0.19008650793650794,0.6680952380952381,,0.2751673916878644
synthetic,synthetic_p2000,2000,difference,mean,20,0.5349999999999999,0.465,0.6599999999999999,0.2527122839149155,0.826110275689223,,0.29017300030682236
synthetic,synthetic_p2000,2000,multiplicative,max,5,0.4,0.0,0.26,0.15385,0.6290726817042607,,0.26979029611102306
synthetic,synthetic_p2000,2000,multiplicative,max,10,0.5533333333333333,0.16999999999999998,0.48,0.21887936507936506,0.7381654135338345,,0.2779753166018054
synthetic,synthetic_p2000,2000,multiplicative,max,20,0.48,0.52,0.58,0.2421823953823954,0.7868521303258145,,0.2909543333982583
synthetic,synthetic_p2000,2000,multiplicative,mean,5,0.4,0.0,0.24000000000000005,0.1369,0.6190476190476191,,0.27217211649985984
synthetic,synthetic_p2000,2000,multiplicative,mean,10,0.6666666666666666,0.0,0.62,0.26144206349206345,0.8080651629072682,,0.27859242080594415
synthetic,synthetic_p2000,2000,multiplicative,mean,20,0.76,0.24,0.6799999999999999,0.2783550005550005,0.8371528822055139,,0.29060295000090264
synthetic,synthetic_p2000,2000,quotient,mean,5,0.10400000000000002,0.74,0.08,0.0703,0.5388872180451127,,0.27071332929772324
synthetic,synthetic_p2000,2000,quotient,mean,10,0.16666666666666669,0.75,0.2,0.09672222222222222,0.5976942355889724,,0.2776407502125949
synthetic,synthetic_p2000,2000,quotient,mean,20,0.265,0.735,0.38,0.12259817078346491,0.6856290726817043,,0.2931400708097499
synthetic,synthetic_p2000,2000,reg_quotient,mean,5,0.4,0.0,0.36,0.24259999999999998,0.6792080200501254,,0.26930951260146685
synthetic,synthetic_p2000,2000,reg_quotient,mean,10,0.6199999999999999,0.07,0.48,0.2843952380952381,0.7383558897243108,,0.2736616290989332
synthetic,synthetic_p2000,2000,reg_quotient,mean,20,0.625,0.375,0.6799999999999999,0.33020992340992344,0.8371027568922307,,0.2882082415104378
synthetic,synthetic_p500,500,difference,mean,5,0.336,0.16,0.26,0.18473333333333336,0.6264242424242423,,0.06800717510050162
synthetic,synthetic_p500,500,difference,mean,10,0.5066666666666666,0.24,0.4,0.22483333333333336,0.6926060606060607,,0.07030284168431536
synthetic,synthetic_p500,500,difference,mean,20,0.54,0.45999999999999996,0.6599999999999999,0.2744907589142883,0.8155757575757576,,0.07721552950097248
synthetic,synthetic_p500,500,multiplicative,max,5,0.4,0.0,0.26,0.15940000000000001,0.6262626262626262,,0.06722415420226753
synthetic,synthetic_p500,500,multiplicative,max,10,0.5866666666666667,0.12,0.54,0.23696507936507935,0.7622424242424243,,0.07083314170595259
synthetic,synthetic_p500,500,multiplicative,max,20,0.545,0.45499999999999996,0.62,0.2597938672438672,0.7975555555555556,,0.07956632080604323
synthetic,synthetic_p500,500,multiplicative,mean,5,0.4,0.0,0.22000000000000003,0.14613333333333334,0.6061818181818182,,0.06706190429395065
synthetic,synthetic_p500,500,multiplicative,mean,10,0.6666666666666666,0.0,0.62,0.27327619047619045,0.8024444444444445,,0.0714581041072961
synthetic,synthetic_p500,500,multiplicative,mean,20,0.785,0.215,0.6799999999999999,0.28973912753912756,0.8287676767676768,,0.07958896679920144
synthetic,synthetic_p500,500,quotient,mean,5,0.12800000000000003,0.6799999999999999,0.1,0.083,0.5455757575757576,,0.06711677099810913
synthetic,synthetic_p500,500,quotient,mean,10,0.2066666666666667,0.69,0.2,0.11022222222222222,0.591030303030303,,0.07158267080667428
synthetic,synthetic_p500,500,quotient,mean,20,0.315,0.6849999999999999,0.31999999999999995,0.12109144505305496,0.6424646464646464,,0.07913720829528756
synthetic,synthetic_p500,500,reg_quotient,mean,5,0.392,0.02,0.36,0.2524,0.6768888888888889,,0.0664364042924717
synthetic,synthetic_p500,500,reg_quotient,mean,10,0.6399999999999999,0.04,0.54,0.3074174603174603,0.7632929292929294,,0.06942866230383515
synthetic,synthetic_p500,500,reg_quotient,mean,20,0.655,0.34500000000000003,0.6799999999999999,0.341701776001776,0.828848484848485,,0.07539775430341251
synthetic,synthetic_p5000,5000,difference,mean,5,0.328,0.18,0.3,0.19436666666666666,0.6496576576576577,,0.8515394957037643
synthetic,synthetic_p5000,5000,difference,mean,10,0.47333333333333333,0.29,0.38,0.22619142857142854,0.6893273273273273,,0.8231221708992962
synthetic,synthetic_p5000,5000,difference,mean,20,0.52,0.48,0.6799999999999999,0.286064671994672,0.8385745745745746,,0.88128815429518
synthetic,synthetic_p5000,5000,multiplicative,max,5,0.4,0.0,0.26,0.15174,0.6296296296296295,,0.8172269043046981
synthetic,synthetic_p5000,5000,multiplicative,max,10,0.54,0.19,0.45999999999999996,0.2107463492063492,0.7292512512512512,,0.852209516701987
synthetic,synthetic_p5000,5000,multiplicative,max,20,0.45500000000000007,0.545,0.52,0.22021015873015873,0.7586906906906907,,0.8607457999954932
synthetic,synthetic_p5000,5000,multiplicative,mean,5,0.4,0.0,0.24000000000000005,0.13309333333333334,0.6196116116116116,,0.8191385416081175
synthetic,synthetic_p5000,5000,multiplicative,mean,10,0.6666666666666666,0.0,0.6,0.25546349206349206,0.7992512512512512,,0.8518328165984712
synthetic,synthetic_p5000,5000,multiplicative,mean,20,0.74,0.26,0.6799999999999999,0.2797191563991564,0.838874874874875,,0.8649609582906124
synthetic,synthetic_p5000,5000,quotient,mean,5,0.08800000000000001,0.78,0.08,0.06892000000000001,0.5395555555555556,,0.8343833041959442
synthetic,synthetic_p5000,5000,quotient,mean,10,0.15333333333333335,0.77,0.16,0.08534,0.5790910910910911,,0.8316732040024363
synthetic,synthetic_p5000,5000,quotient,mean,20,0.22999999999999998,0.77,0.32,0.1027310571300045,0.6581461461461462,,0.8880842625920196
synthetic,synthetic_p5000,5000,reg_quotient,mean,5,0.376,0.06000000000000001,0.38,0.25428666666666666,0.6896976976976977,,0.8379696956078988
synthetic,synthetic_p5000,5000,reg_quotient,mean,10,0.6066666666666667,0.09,0.54,0.30944412698412693,0.7693593593593594,,0.8611733917146921
synthetic,synthetic_p5000,5000,reg_quotient,mean,20,0.605,0.395,0.6799999999999999,0.34445897213897214,0.838926926926927,,0.8665381081926171
