operator,p,seed,k,downstream_score,recovery_f1,noise_rate,recall_informative,average_precision,roc_auc,runtime_s
difference,500,0,20,0.9435897435897436,0.5,0.5,0.8,0.29819047619047623,0.8866666666666668,0.07892045803600922
difference,500,1,20,0.9423076923076923,0.55,0.45,0.6,0.11007142857142857,0.7814141414141414,0.07508979202248156
difference,500,2,20,0.9076851261349516,0.55,0.45,1.0,0.7611111111111111,0.9963636363636365,0.07836433401098475
difference,500,3,20,0.9294871794871795,0.5,0.5,0.4,0.10343589743589743,0.6838383838383837,0.07499687495874241
difference,500,4,20,0.9180424877211669,0.55,0.45,0.6,0.154,0.7842424242424243,0.0752147079911083
difference,500,5,20,0.9705128205128205,0.5,0.5,0.6,0.604,0.7931313131313132,0.0741789999883622
difference,500,6,20,0.9256410256410257,0.65,0.35,0.8,0.31061111111111117,0.8806060606060606,0.07474966696463525
difference,500,7,20,0.9217948717948719,0.5,0.5,0.4,0.05175163398692811,0.6797979797979797,0.07939504197565839
difference,500,8,20,0.9513211789689611,0.6,0.4,0.8,0.23987878787878786,0.8870707070707071,0.07682483299868181
difference,500,9,20,0.867948717948718,0.5,0.5,0.6,0.11185714285714285,0.7826262626262627,0.07660958298947662
multiplicative,500,0,20,0.9448717948717948,0.8000000000000002,0.2,0.8,0.382,0.8911111111111112,0.07882829097798094
multiplicative,500,1,20,0.9474358974358974,0.75,0.25,0.6,0.14923809523809523,0.7858585858585859,0.07763429201440886
multiplicative,500,2,20,0.9243749137075195,0.85,0.15,1.0,0.6644444444444444,0.9955555555555555,0.07698516600066796
multiplicative,500,3,20,0.9243589743589744,0.7,0.3,0.6,0.14733333333333332,0.7858585858585859,0.07883729197783396
multiplicative,500,4,20,0.9180622127542064,0.65,0.35,0.6,0.18854545454545452,0.7874747474747475,0.07666608301224187
multiplicative,500,5,20,0.9743589743589743,0.85,0.15,0.6,0.33614285714285713,0.7890909090909092,0.07624929101439193
multiplicative,500,6,20,0.9320512820512821,0.9,0.1,0.8,0.38475058275058277,0.8882828282828283,0.08051220799097791
multiplicative,500,7,20,0.9358974358974359,0.8000000000000002,0.2,0.4,0.08933333333333335,0.6846464646464645,0.07919345801929012
multiplicative,500,8,20,0.9628630037015364,0.85,0.15,0.8,0.3325555555555556,0.8907070707070708,0.08274579199496657
multiplicative,500,9,20,0.891025641025641,0.7,0.3,0.6,0.223047619047619,0.7890909090909092,0.07584820897318423
quotient,500,0,20,0.8974358974358974,0.35,0.65,0.2,0.023384615384615386,0.5797979797979798,0.07785425003385171
quotient,500,1,20,0.9128205128205128,0.3,0.7,0.0,0.01,0.4797979797979798,0.07665658299811184
quotient,500,2,20,0.9064195030868053,0.35,0.65,0.6,0.3211428571428572,0.7882828282828284,0.07794637500774115
quotient,500,3,20,0.8782051282051282,0.25,0.75,0.2,0.030222222222222223,0.5814141414141414,0.07723716698819771
quotient,500,4,20,0.9013255222202496,0.3,0.7,0.6,0.13643697478991595,0.7838383838383839,0.07743295800173655
quotient,500,5,20,0.9628205128205127,0.35,0.65,0.6,0.3897142857142857,0.7907070707070708,0.07741433300543576
quotient,500,6,20,0.8961538461538462,0.35,0.65,0.4,0.2367692307692308,0.6846464646464645,0.08480999997118488
quotient,500,7,20,0.8653846153846154,0.3,0.7,0.2,0.021333333333333336,0.5789898989898989,0.07758916699094698
quotient,500,8,20,0.9154366563882734,0.3,0.7,0.2,0.023384615384615386,0.5797979797979798,0.07665862498106435
quotient,500,9,20,0.8512820512820514,0.3,0.7,0.2,0.018526315789473682,0.5773737373737373,0.07838179101236165
reg_quotient,500,0,20,0.9448717948717948,0.7,0.3,0.8,0.197982905982906,0.8850505050505051,0.07874949998222291
reg_quotient,500,1,20,0.9474358974358974,0.65,0.35,0.6,0.13344444444444442,0.7846464646464647,0.07559662498533726
reg_quotient,500,2,20,0.9217976449549307,0.7,0.3,1.0,0.8253968253968254,0.9971717171717173,0.07552291598403826
reg_quotient,500,3,20,0.9230769230769231,0.55,0.45,0.6,0.1535238095238095,0.7846464646464647,0.07585824996931478
reg_quotient,500,4,20,0.9167702230901237,0.6,0.4,0.6,0.3873333333333333,0.791919191919192,0.07481462502619252
reg_quotient,500,5,20,0.9692307692307692,0.65,0.35,0.6,0.604,0.7931313131313132,0.07537904201308265
reg_quotient,500,6,20,0.9346153846153846,0.8000000000000002,0.2,0.8,0.3499020979020979,0.8858585858585859,0.07832158298697323
reg_quotient,500,7,20,0.9307692307692308,0.65,0.35,0.4,0.096,0.6846464646464645,0.07540362497093156
reg_quotient,500,8,20,0.9577479141874701,0.65,0.35,0.8,0.4442222222222222,0.8931313131313132,0.07849912496749312
reg_quotient,500,9,20,0.8923076923076922,0.6,0.4,0.6,0.2252121212121212,0.7882828282828284,0.07538100000238046
difference,1000,0,20,0.95,0.5,0.5,0.8,0.2971904761904762,0.8933668341708544,0.14303658303106204
difference,1000,1,20,0.9538461538461538,0.5,0.5,0.6,0.094991452991453,0.7903517587939699,0.14171999995596707
difference,1000,2,20,0.9230501186727066,0.55,0.45,1.0,0.740909090909091,0.9977889447236181,0.1419437089934945
difference,1000,3,20,0.9102952682134662,0.5,0.5,0.6,0.19485714285714284,0.7929648241206032,0.14314587495755404
difference,1000,4,20,0.9396675849282375,0.55,0.45,0.6,0.16357894736842105,0.7921608040201006,0.14247700001578778
difference,1000,5,20,0.9730866080644843,0.5,0.5,0.6,0.602,0.7965829145728643,0.1431161669897847
difference,1000,6,20,0.9256668354164064,0.65,0.35,0.8,0.3072719298245614,0.8901507537688442,0.14227979199495167
difference,1000,7,20,0.9012518162512574,0.5,0.5,0.4,0.06522222222222224,0.6905527638190954,0.14321641699643806
difference,1000,8,20,0.9551282051282051,0.6,0.4,0.8,0.3343333333333333,0.8953768844221106,0.14383670897223055
difference,1000,9,20,0.8704363605283401,0.5,0.5,0.6,0.11315384615384616,0.7915577889447237,0.14654783403966576
multiplicative,1000,0,20,0.9461538461538461,0.8000000000000002,0.2,0.8,0.381,0.8955778894472363,0.1476535419933498
multiplicative,1000,1,20,0.9628205128205128,0.75,0.25,0.6,0.14723809523809522,0.7929648241206031,0.1444018330075778
multiplicative,1000,2,20,0.925614238094925,0.85,0.15,1.0,0.5968253968253969,0.9971859296482413,0.1457789999549277
multiplicative,1000,3,20,0.9166825554408642,0.65,0.35,0.6,0.17866666666666664,0.79356783919598,0.15372079203370959
multiplicative,1000,4,20,0.9370837415104636,0.65,0.35,0.6,0.18654545454545457,0.7937688442211056,0.1443089580279775
multiplicative,1000,5,20,0.9730931827296695,0.75,0.25,0.6,0.32580952380952377,0.7943718592964825,0.14790558302775025
multiplicative,1000,6,20,0.9320935706349154,0.9,0.1,0.8,0.38375058275058277,0.8941708542713568,0.1457812919979915
multiplicative,1000,7,20,0.912760767657907,0.75,0.25,0.4,0.08633333333333335,0.692361809045226,0.14551679202122614
multiplicative,1000,8,20,0.9602564102564102,0.85,0.15,0.8,0.30480952380952386,0.8947738693467338,0.14600025000981987
multiplicative,1000,9,20,0.8833029802957284,0.7,0.3,0.6,0.21533333333333332,0.7943718592964825,0.14619400002993643
quotient,1000,0,20,0.8705128205128205,0.25,0.75,0.2,0.018285714285714287,0.589748743718593,0.14605174999451265
quotient,1000,1,20,0.8384615384615384,0.20000000000000004,0.8,0.0,0.005,0.4899497487437186,0.14510974998120219
quotient,1000,2,20,0.9204662752549326,0.35,0.65,0.6,0.35438095238095235,0.7949748743718593,0.14505474996985868
quotient,1000,3,20,0.8258042459187767,0.20000000000000004,0.8,0.0,0.005,0.4899497487437186,0.14976291602943093
quotient,1000,4,20,0.9127147450016108,0.3,0.7,0.6,0.14485714285714285,0.7925628140703518,0.14535916701424867
quotient,1000,5,20,0.9577150408615441,0.3,0.7,0.6,0.3686666666666667,0.7949748743718593,0.14474399999016896
quotient,1000,6,20,0.8974417977764482,0.35,0.65,0.4,0.24744444444444447,0.6931658291457286,0.1447853329591453
quotient,1000,7,20,0.8243808309061862,0.20000000000000004,0.8,0.2,0.017333333333333333,0.5895477386934673,0.1482975829858333
quotient,1000,8,20,0.8884615384615384,0.25,0.75,0.2,0.018285714285714287,0.589748743718593,0.14662658295128495
quotient,1000,9,20,0.7729143518366327,0.20000000000000004,0.8,0.0,0.005,0.4899497487437186,0.14569091697921976
reg_quotient,1000,0,20,0.9448717948717948,0.6,0.4,0.8,0.3476666666666667,0.8953768844221106,0.1424325000261888
reg_quotient,1000,1,20,0.9564102564102563,0.6,0.4,0.6,0.12511688311688313,0.7921608040201006,0.14400274999206886
reg_quotient,1000,2,20,0.9230501186727066,0.65,0.35,1.0,0.8253968253968254,0.9985929648241206,0.1435717080021277
reg_quotient,1000,3,20,0.9051407307082886,0.55,0.45,0.6,0.2353333333333333,0.7943718592964825,0.14620187500258908
reg_quotient,1000,4,20,0.9383690885541653,0.6,0.4,0.6,0.3553333333333333,0.7957788944723618,0.14407529099844396
reg_quotient,1000,5,20,0.9769294998652194,0.6,0.4,0.6,0.602,0.7965829145728643,0.14266779203899205
reg_quotient,1000,6,20,0.9269521824601081,0.8000000000000002,0.2,0.8,0.3489020979020979,0.8929648241206031,0.14315249997889623
reg_quotient,1000,7,20,0.9089441745179127,0.6,0.4,0.4,0.08936363636363637,0.6921608040201004,0.14253066602395847
reg_quotient,1000,8,20,0.9525641025641025,0.65,0.35,0.8,0.4432222222222222,0.8965829145728644,0.14345724997110665
reg_quotient,1000,9,20,0.8871458720964635,0.6,0.4,0.6,0.20866666666666667,0.7941708542713568,0.14114745799452066
difference,2000,0,20,0.9296496949295182,0.5,0.5,0.8,0.2905,0.8964912280701754,0.3014784170081839
difference,2000,1,20,0.9333065963615803,0.5,0.5,0.6,0.08623809523809522,0.7947869674185464,0.2892316249781288
difference,2000,2,20,0.9192307692307693,0.55,0.45,1.0,0.607967032967033,0.9976942355889723,0.3387452909955755
difference,2000,3,20,0.8999730438727408,0.5,0.5,0.4,0.1015,0.6960902255639096,0.28815062501234934
difference,2000,4,20,0.9346153846153846,0.55,0.45,0.6,0.14766666666666667,0.795889724310777,0.28709645802155137
difference,2000,5,20,0.9769230769230769,0.5,0.5,0.6,0.601,0.798295739348371,0.28684337495360523
difference,2000,6,20,0.917948717948718,0.65,0.35,0.8,0.3046666666666667,0.8949874686716792,0.28335270803654566
difference,2000,7,20,0.9166628314453087,0.5,0.5,0.4,0.04477485380116959,0.6947869674185463,0.29745762498350814
difference,2000,8,20,0.940939782641569,0.6,0.4,0.8,0.25097619047619046,0.8969924812030076,0.28888729197205976
difference,2000,9,20,0.8833227042912839,0.5,0.5,0.6,0.09183333333333332,0.7950877192982456,0.28541474998928607
multiplicative,2000,0,20,0.9347517357458448,0.8000000000000002,0.2,0.8,0.38049999999999995,0.8977944862155389,0.29606833396246657
multiplicative,2000,1,20,0.9550851747874739,0.75,0.25,0.6,0.14623809523809522,0.7964912280701755,0.30282770801568404
multiplicative,2000,2,20,0.9256410256410257,0.8000000000000002,0.2,1.0,0.5968253968253969,0.9985964912280701,0.2874467499786988
multiplicative,2000,3,20,0.9230895666638177,0.7,0.3,0.6,0.16766666666666666,0.7967919799498747,0.2900196249829605
multiplicative,2000,4,20,0.9435897435897436,0.65,0.35,0.6,0.18554545454545457,0.7968922305764412,0.2892057920107618
multiplicative,2000,5,20,0.9846153846153847,0.75,0.25,0.6,0.32480952380952377,0.7971929824561405,0.290598375024274
multiplicative,2000,6,20,0.9333333333333333,0.85,0.15,0.8,0.38325058275058277,0.897092731829574,0.28896183299366385
multiplicative,2000,7,20,0.9217844956245602,0.75,0.25,0.4,0.08007142857142857,0.6960902255639096,0.3006605420378037
multiplicative,2000,8,20,0.9473599431948928,0.85,0.15,0.8,0.3043095238095238,0.8973934837092733,0.2923872080282308
multiplicative,2000,9,20,0.8871721707572042,0.7,0.3,0.6,0.21433333333333332,0.7971929824561405,0.2909790829871781
quotient,2000,0,20,0.84490058910162,0.25,0.75,0.2,0.0145,0.5946867167919799,0.29015212500235066
quotient,2000,1,20,0.9140921373579051,0.25,0.75,0.0,0.0025,0.4949874686716792,0.29421025002375245
quotient,2000,2,20,0.9115384615384616,0.3,0.7,0.6,0.3054444444444444,0.7968922305764412,0.3072638749727048
quotient,2000,3,20,0.8435689912491207,0.20000000000000004,0.8,0.2,0.020181818181818183,0.595187969924812,0.2862162080127746
quotient,2000,4,20,0.908974358974359,0.3,0.7,0.6,0.12877777777777777,0.7961904761904762,0.2903025000123307
quotient,2000,5,20,0.967948717948718,0.3,0.7,0.6,0.341,0.7972932330827068,0.2883634999743663
quotient,2000,6,20,0.8961538461538462,0.25,0.75,0.4,0.22816666666666668,0.6959899749373433,0.2899234590004198
quotient,2000,7,20,0.892333282927567,0.3,0.7,0.0,0.0025,0.4949874686716792,0.29068375000497326
quotient,2000,8,20,0.916564211467531,0.3,0.7,0.6,0.09765775401069518,0.7952882205513785,0.28971466701477766
quotient,2000,9,20,0.7474112255833372,0.20000000000000004,0.8,0.6,0.08525324675324675,0.7947869674185464,0.2917314580408856
reg_quotient,2000,0,20,0.928347885545971,0.65,0.35,0.8,0.19648290598290602,0.8962907268170427,0.28855879203183576
reg_quotient,2000,1,20,0.9448352717637853,0.6,0.4,0.6,0.11776767676767677,0.795889724310777,0.2899730419740081
reg_quotient,2000,2,20,0.926923076923077,0.65,0.35,1.0,0.8253968253968254,0.999298245614035,0.28909450001083314
reg_quotient,2000,3,20,0.91024924555717,0.55,0.45,0.6,0.144030303030303,0.7959899749373435,0.28962466603843495
reg_quotient,2000,4,20,0.9423076923076923,0.6,0.4,0.6,0.3543333333333333,0.7978947368421053,0.288514000014402
reg_quotient,2000,5,20,0.9782051282051283,0.6,0.4,0.6,0.601,0.798295739348371,0.28595566598232836
reg_quotient,2000,6,20,0.9217948717948719,0.8000000000000002,0.2,0.8,0.33332051282051284,0.8960902255639098,0.2888103330042213
reg_quotient,2000,7,20,0.9166562567801235,0.6,0.4,0.4,0.08483333333333334,0.6959899749373433,0.2876677910098806
reg_quotient,2000,8,20,0.9473533685297076,0.65,0.35,0.8,0.44272222222222224,0.898295739348371,0.29101675003767014
reg_quotient,2000,9,20,0.8845883273394302,0.55,0.45,0.6,0.20221212121212123,0.7969924812030076,0.28712850000010803
difference,5000,0,20,0.9397435897435897,0.5,0.5,0.8,0.2930571428571429,0.8986386386386387,0.9102794590289705
difference,5000,1,20,0.9384615384615385,0.5,0.5,0.6,0.08783589743589743,0.7979579579579581,0.9523434159928001
difference,5000,2,20,0.926923076923077,0.5,0.5,1.0,0.740909090909091,0.9995595595595596,0.9427693340112455
difference,5000,3,20,0.921810794285301,0.45,0.55,0.6,0.17676363636363637,0.7984384384384386,0.9064057500218041
difference,5000,4,20,0.9179087304978994,0.55,0.45,0.6,0.14706666666666668,0.7983583583583584,0.897899082978256
difference,5000,5,20,0.967978093215603,0.5,0.5,0.6,0.6004,0.7993193193193194,0.8961756249773316
difference,5000,6,20,0.9307490516045471,0.65,0.35,0.8,0.3043666666666667,0.8979979979979981,0.8658846669713967
difference,5000,7,20,0.9127870663186477,0.5,0.5,0.4,0.060600000000000015,0.698038038038038,0.9557503329706378
difference,5000,8,20,0.935724805386072,0.55,0.45,0.8,0.29924761904761904,0.898998998998999,0.9060702919960022
difference,5000,9,20,0.8782347990742689,0.5,0.5,0.6,0.15039999999999998,0.7984384384384385,0.9804871660307981
multiplicative,5000,0,20,0.9474358974358974,0.8000000000000002,0.2,0.8,0.3802,0.8991191191191191,0.9557826250093058
multiplicative,5000,1,20,0.9487179487179487,0.7,0.3,0.6,0.19278095238095236,0.7988388388388389,0.9525903749745339
multiplicative,5000,2,20,0.9397435897435897,0.8000000000000002,0.2,1.0,0.5968253968253969,0.9994394394394394,0.8542885420029052
multiplicative,5000,3,20,0.9346182420660227,0.65,0.35,0.6,0.14373333333333332,0.7985985985985987,0.8770655409898609
multiplicative,5000,4,20,0.9243025923904825,0.65,0.35,0.6,0.18494545454545452,0.7987587587587589,0.8448076249915175
multiplicative,5000,5,20,0.9718209850163381,0.7,0.3,0.6,0.3242095238095238,0.798878878878879,0.8608515840023756
multiplicative,5000,6,20,0.9332868723660248,0.85,0.15,0.8,0.38295058275058275,0.8988388388388389,0.9139236669871025
multiplicative,5000,7,20,0.9217581969638196,0.75,0.25,0.4,0.07917142857142857,0.6984384384384384,0.8361106250085868
multiplicative,5000,8,20,0.95370029455081,0.8000000000000002,0.2,0.8,0.31959393939393943,0.898998998998999,1.0276962500065565
multiplicative,5000,9,20,0.9038370502840312,0.7,0.3,0.6,0.19278095238095236,0.7988388388388389,0.835422916978132
quotient,5000,0,20,0.8923076923076922,0.25,0.75,0.4,0.06726666666666667,0.6983183183183183,0.9303347910172306
quotient,5000,1,20,0.8858974358974359,0.20000000000000004,0.8,0.2,0.011911111111111112,0.5977977977977977,0.9297176660038531
quotient,5000,2,20,0.9192307692307693,0.25,0.75,0.4,0.22060000000000002,0.6981981981981982,0.8444489999674261
quotient,5000,3,20,0.759150290271468,0.15,0.85,0.0,0.001,0.497997997997998,0.9018016249756329
quotient,5000,4,20,0.8999861932031111,0.3,0.7,0.4,0.03598461538461539,0.6977177177177177,0.9000398750067689
quotient,5000,5,20,0.9628564290363513,0.3,0.7,0.6,0.3470666666666667,0.7989589589589591,0.9407841670326889
quotient,5000,6,20,0.9012518162512574,0.25,0.75,0.4,0.24060000000000004,0.6985985985985986,0.9932836249936372
quotient,5000,7,20,0.8385130737217208,0.20000000000000004,0.8,0.2,0.014133333333333335,0.5979179179179178,1.0190582920331508
quotient,5000,8,20,0.8768146433831264,0.25,0.75,0.6,0.08774817813765182,0.7979579579579581,0.8585666669532657
quotient,5000,9,20,0.7755759520302966,0.15,0.85,0.0,0.001,0.497997997997998,0.9294359579798765
reg_quotient,5000,0,20,0.9474358974358974,0.6,0.4,0.8,0.33292727272727274,0.8989989989989989,0.8975090829771943
reg_quotient,5000,1,20,0.9423076923076923,0.6,0.4,0.6,0.11716767676767677,0.7983583583583584,0.9130330409971066
reg_quotient,5000,2,20,0.9320512820512821,0.6,0.4,1.0,0.7753968253968253,0.9996796796796796,0.8666695830179378
reg_quotient,5000,3,20,0.9230829919986325,0.5,0.5,0.6,0.21706666666666666,0.7987987987987989,0.8481266660382971
reg_quotient,5000,4,20,0.9243157417208528,0.6,0.4,0.6,0.35373333333333334,0.7991591591591592,0.8306089999969117
reg_quotient,5000,5,20,0.9718144103511529,0.6,0.4,0.6,0.6004,0.7993193193193194,0.8341752080013976
reg_quotient,5000,6,20,0.9345787940749117,0.8000000000000002,0.2,0.8,0.3437064935064935,0.8985585585585586,0.8716279999935068
reg_quotient,5000,7,20,0.9050947080519924,0.55,0.45,0.4,0.08136923076923078,0.6983583583583584,0.8235629999544472
reg_quotient,5000,8,20,0.9460340837365875,0.65,0.35,0.8,0.44242222222222216,0.8993193193193194,0.894725332967937
reg_quotient,5000,9,20,0.8897143909110036,0.55,0.45,0.6,0.1804,0.7987187187187188,0.8785907079582103
difference,10000,0,20,0.9372501577950767,0.5,0.5,0.8,0.2901,0.8992996498249125,2.612397124990821
difference,10000,1,20,0.942271152341567,0.45,0.55,0.6,0.1152,0.7991795897948974,2.4610024159774184
difference,10000,2,20,0.9218125394487693,0.5,0.5,1.0,0.7133333333333334,0.9997198599299649,2.562565667030867
difference,10000,3,20,0.9153846153846154,0.5,0.5,0.4,0.08918888888888889,0.6990995497748874,2.7504661249695346
difference,10000,4,20,0.9372546828052781,0.5,0.5,0.4,0.13030000000000003,0.6993396698349175,2.258335457998328
difference,10000,5,20,0.9538054912686724,0.5,0.5,0.6,0.6002000000000001,0.7996598299149575,2.2892322500119917
difference,10000,6,20,0.9384615384615385,0.65,0.35,0.8,0.3024993808049536,0.8989794897448725,2.3215942079550587
difference,10000,7,20,0.9102564102564102,0.5,0.5,0.4,0.06030000000000001,0.6990195097548774,2.4119422500371
difference,10000,8,20,0.9397070329193487,0.6,0.4,0.8,0.29914761904761905,0.8994997498749375,2.237839500012342
difference,10000,9,20,0.8730769230769231,0.5,0.5,0.6,0.14474545454545457,0.79927963981991,2.3074497500201687
multiplicative,10000,0,20,0.9411292867662528,0.8000000000000002,0.2,0.8,0.3801,0.8995597798899451,2.466989459004253
multiplicative,10000,1,20,0.9512685816474796,0.7,0.3,0.6,0.19258095238095235,0.7994197098549275,2.3746501249843277
multiplicative,10000,2,20,0.9346333894382495,0.8000000000000002,0.2,1.0,0.6644444444444444,0.9997798899449725,2.2482811250374652
multiplicative,10000,3,20,0.9294871794871795,0.65,0.35,0.6,0.14353333333333332,0.7992996498249124,2.2463867500191554
multiplicative,10000,4,20,0.9411107239363835,0.65,0.35,0.6,0.18474545454545455,0.7993796898449225,2.181380291993264
multiplicative,10000,5,20,0.9640753208499895,0.7,0.3,0.6,0.3240095238095238,0.79943971985993,2.373580916028004
multiplicative,10000,6,20,0.9423076923076923,0.85,0.15,0.8,0.37830512820512824,0.899399699849925,2.158489290974103
multiplicative,10000,7,20,0.9128205128205129,0.75,0.25,0.4,0.08363333333333334,0.6992396198099049,2.185785958019551
multiplicative,10000,8,20,0.9563902458267313,0.8000000000000002,0.2,0.8,0.30390952380952385,0.8994797398699351,2.430293040990364
multiplicative,10000,9,20,0.8974358974358974,0.7,0.3,0.6,0.25258095238095235,0.7994797398699349,2.1870396659942344
quotient,10000,0,20,0.8396670523879655,0.20000000000000004,0.8,0.0,0.0005,0.49899949974987495,2.263058165961411
quotient,10000,1,20,0.810228864095096,0.20000000000000004,0.8,0.0,0.0005,0.49899949974987495,2.407198457978666
quotient,10000,2,20,0.8744214180517568,0.25,0.75,0.8,0.3661839160839161,0.8993796898449226,2.4143823749618605
quotient,10000,3,20,0.8371794871794872,0.20000000000000004,0.8,0.2,0.018581818181818185,0.5990395197598799,2.3419509580126032
quotient,10000,4,20,0.9218568169415973,0.25,0.75,0.4,0.03563834586466166,0.6988594297148574,2.32177037501242
quotient,10000,5,20,0.920379234167894,0.25,0.75,0.6,0.3214121212121212,0.7994197098549275,2.3356137499795295
quotient,10000,6,20,0.8923076923076922,0.25,0.75,0.4,0.22252222222222223,0.6991395697848924,2.2728528340230696
quotient,10000,7,20,0.8461538461538461,0.25,0.75,0.2,0.01216470588235294,0.5989194597298649,2.3215259999851696
quotient,10000,8,20,0.8704232111979697,0.20000000000000004,0.8,0.2,0.017066666666666667,0.5990195097548774,2.5003720829845406
quotient,10000,9,20,0.7269230769230769,0.15,0.85,0.2,0.01216470588235294,0.5989194597298649,2.4965531670022756
reg_quotient,10000,0,20,0.9424047969703345,0.6,0.4,0.8,0.18784114774114777,0.8992196098049025,2.1934623750275932
reg_quotient,10000,1,20,0.9499766599385926,0.55,0.45,0.6,0.10656363636363636,0.7991195597798899,2.2507459999760613
reg_quotient,10000,2,20,0.9320692194403535,0.6,0.4,1.0,0.8253968253968254,0.9998599299649825,2.302739625039976
reg_quotient,10000,3,20,0.9320512820512821,0.55,0.45,0.6,0.13096923076923078,0.7990995497748875,2.185556792013813
reg_quotient,10000,4,20,0.9449667650674889,0.6,0.4,0.6,0.35353333333333326,0.7995797898949475,2.1709729579743
reg_quotient,10000,5,20,0.9615111508520935,0.6,0.4,0.6,0.6002000000000001,0.7996598299149575,2.293232291995082
reg_quotient,10000,6,20,0.9358974358974359,0.8000000000000002,0.2,0.8,0.3436064935064935,0.89927963981991,2.245245124970097
reg_quotient,10000,7,20,0.9102564102564102,0.55,0.45,0.4,0.08106923076923078,0.6991795897948975,2.1738095830078237
reg_quotient,10000,8,20,0.9461074694771169,0.65,0.35,0.8,0.44232222222222217,0.8996598299149575,2.2584165410371497
reg_quotient,10000,9,20,0.8858974358974359,0.55,0.45,0.6,0.16686666666666666,0.79935967983992,2.215273874986451
