dataset,dependence,task,method,operator,aggregation,relevance,redundancy,stop_mode,k,score_threshold,seed,precision,recall,f1,redundancy_rate,noise_rate,downstream_score,runtime_s
parabola,nonlinear,regression,MID,difference,mean,mutual_info_sklearn,mutual_info_sklearn,val_fixed_k,2,,0,0.5,1.0,0.6666666666666666,0.0,0.5,0.8968320290211638,1.5428400820237584
parabola,nonlinear,regression,MID,difference,mean,mutual_info_sklearn,mutual_info_sklearn,val_threshold,1,0.1,0,1.0,1.0,1.0,0.0,0.0,0.906346591701269,0.3987546680145897
parabola,nonlinear,regression,MIQ,quotient,mean,mutual_info_sklearn,mutual_info_sklearn,val_fixed_k,1,,0,1.0,1.0,1.0,0.0,0.0,0.906346591701269,0.4173892090038862
parabola,nonlinear,regression,MIQ,quotient,mean,mutual_info_sklearn,mutual_info_sklearn,val_threshold,8,0.0,0,0.125,1.0,0.2222222222222222,0.125,0.625,0.9053235092815098,0.4673680840060115
parabola,nonlinear,regression,MIFS,difference,sum,mutual_info_sklearn,mutual_info_sklearn,val_fixed_k,2,,0,0.5,1.0,0.6666666666666666,0.0,0.5,0.8968320290211638,0.41515479097142816
parabola,nonlinear,regression,MIFS,difference,sum,mutual_info_sklearn,mutual_info_sklearn,val_threshold,3,0.0,0,0.3333333333333333,1.0,0.5,0.0,0.6666666666666666,0.8924081006399972,0.37665258202468976
parabola,nonlinear,regression,FCD,difference,mean,f_regression,pearson_abs,val_fixed_k,1,,0,0.0,0.0,0.0,0.0,0.0,0.9173627514967646,0.16993233398534358
parabola,nonlinear,regression,FCD,difference,mean,f_regression,pearson_abs,val_threshold,5,0.1,0,0.0,0.0,0.0,0.0,0.8,0.9021503142454649,0.24158554102177732
parabola,nonlinear,regression,FCQ,quotient,mean,f_regression,pearson_abs,val_fixed_k,1,,0,0.0,0.0,0.0,0.0,0.0,0.9173627514967646,0.16905391699401662
parabola,nonlinear,regression,FCQ,quotient,mean,f_regression,pearson_abs,val_threshold,8,0.0,0,0.125,1.0,0.2222222222222222,0.125,0.625,0.9002411146965925,0.2568630820023827
parabola,nonlinear,regression,ModMRMR,multiplicative,max,f_regression,pearson_abs,val_fixed_k,1,,0,0.0,0.0,0.0,0.0,0.0,0.9173627514967646,0.17136074998416007
parabola,nonlinear,regression,ModMRMR,multiplicative,max,f_regression,pearson_abs,val_threshold,5,0.1,0,0.0,0.0,0.0,0.0,0.8,0.9021503142454649,0.2486399170011282
parabola,nonlinear,regression,ModMRMR_dcor,multiplicative,max,f_regression,distance_corr,val_fixed_k,2,,0,0.0,0.0,0.0,0.0,0.5,0.9123961010257415,0.19369808299234137
parabola,nonlinear,regression,ModMRMR_dcor,multiplicative,max,f_regression,distance_corr,val_threshold,5,0.1,0,0.0,0.0,0.0,0.0,0.8,0.9021503142454649,0.2646385009866208
parabola,nonlinear,regression,skb_f,,,,,val_fixed_k,1,,0,0.0,0.0,0.0,0.0,0.0,0.9173627514967646,0.13671654296922497
parabola,nonlinear,regression,skb_mi,,,,,val_fixed_k,1,,0,1.0,1.0,1.0,0.0,0.0,0.906346591701269,0.16213508500368334
parabola,nonlinear,regression,MID,difference,mean,mutual_info_sklearn,mutual_info_sklearn,val_fixed_k,1,,1,0.0,0.0,0.0,0.0,0.0,0.988878729852964,0.3989567510143388
parabola,nonlinear,regression,MID,difference,mean,mutual_info_sklearn,mutual_info_sklearn,val_threshold,1,0.1,1,0.0,0.0,0.0,0.0,0.0,0.988878729852964,0.3934210419538431
parabola,nonlinear,regression,MIQ,quotient,mean,mutual_info_sklearn,mutual_info_sklearn,val_fixed_k,1,,1,0.0,0.0,0.0,0.0,0.0,0.988878729852964,0.40102908402332105
parabola,nonlinear,regression,MIQ,quotient,mean,mutual_info_sklearn,mutual_info_sklearn,val_threshold,6,0.1,1,0.16666666666666666,1.0,0.2857142857142857,0.16666666666666666,0.5,0.9900530376460207,0.4777076670434326
parabola,nonlinear,regression,MIFS,difference,sum,mutual_info_sklearn,mutual_info_sklearn,val_fixed_k,1,,1,0.0,0.0,0.0,0.0,0.0,0.988878729852964,0.3994259170431178
parabola,nonlinear,regression,MIFS,difference,sum,mutual_info_sklearn,mutual_info_sklearn,val_threshold,1,0.1,1,0.0,0.0,0.0,0.0,0.0,0.988878729852964,0.38775504200020805
parabola,nonlinear,regression,FCD,difference,mean,f_regression,pearson_abs,val_fixed_k,1,,1,0.0,0.0,0.0,0.0,0.0,0.988878729852964,0.1719517489837017
parabola,nonlinear,regression,FCD,difference,mean,f_regression,pearson_abs,val_threshold,6,0.1,1,0.16666666666666666,1.0,0.2857142857142857,0.16666666666666666,0.5,0.9898198683782976,0.2427211669855751
parabola,nonlinear,regression,FCQ,quotient,mean,f_regression,pearson_abs,val_fixed_k,1,,1,0.0,0.0,0.0,0.0,0.0,0.988878729852964,0.17831058299634606
parabola,nonlinear,regression,FCQ,quotient,mean,f_regression,pearson_abs,val_threshold,8,0.1,1,0.125,1.0,0.2222222222222222,0.125,0.625,0.9905372602446069,0.2725240419676993
parabola,nonlinear,regression,ModMRMR,multiplicative,max,f_regression,pearson_abs,val_fixed_k,1,,1,0.0,0.0,0.0,0.0,0.0,0.988878729852964,0.1703817939851433
parabola,nonlinear,regression,ModMRMR,multiplicative,max,f_regression,pearson_abs,val_threshold,6,0.1,1,0.0,0.0,0.0,0.16666666666666666,0.6666666666666666,0.9906307100530167,0.24547970696585253
parabola,nonlinear,regression,ModMRMR_dcor,multiplicative,max,f_regression,distance_corr,val_fixed_k,1,,1,0.0,0.0,0.0,0.0,0.0,0.988878729852964,0.18955437501426786
parabola,nonlinear,regression,ModMRMR_dcor,multiplicative,max,f_regression,distance_corr,val_threshold,5,0.1,1,0.0,0.0,0.0,0.2,0.6,0.9901531544183726,0.2631568330107257
parabola,nonlinear,regression,skb_f,,,,,val_fixed_k,2,,1,0.0,0.0,0.0,0.5,0.0,0.9907443055906742,0.13790912501281127
parabola,nonlinear,regression,skb_mi,,,,,val_fixed_k,1,,1,0.0,0.0,0.0,0.0,0.0,0.988878729852964,0.16433754199533723
parabola,nonlinear,regression,MID,difference,mean,mutual_info_sklearn,mutual_info_sklearn,val_fixed_k,5,,2,0.2,1.0,0.33333333333333337,0.2,0.4,0.9867137164271049,0.40781962499022484
parabola,nonlinear,regression,MID,difference,mean,mutual_info_sklearn,mutual_info_sklearn,val_threshold,1,0.1,2,0.0,0.0,0.0,0.0,0.0,0.9862655283663183,0.40246358304284513
parabola,nonlinear,regression,MIQ,quotient,mean,mutual_info_sklearn,mutual_info_sklearn,val_fixed_k,1,,2,0.0,0.0,0.0,0.0,0.0,0.9862655283663183,0.4262961660278961
parabola,nonlinear,regression,MIQ,quotient,mean,mutual_info_sklearn,mutual_info_sklearn,val_threshold,5,0.1,2,0.2,1.0,0.33333333333333337,0.2,0.4,0.9868149105363488,0.4832450410176534
parabola,nonlinear,regression,MIFS,difference,sum,mutual_info_sklearn,mutual_info_sklearn,val_fixed_k,1,,2,0.0,0.0,0.0,0.0,0.0,0.9862655283663183,0.4014565830002539
parabola,nonlinear,regression,MIFS,difference,sum,mutual_info_sklearn,mutual_info_sklearn,val_threshold,1,0.1,2,0.0,0.0,0.0,0.0,0.0,0.9862655283663183,0.3959859599999618
parabola,nonlinear,regression,FCD,difference,mean,f_regression,pearson_abs,val_fixed_k,2,,2,0.0,0.0,0.0,0.0,0.5,0.9865951134269628,0.1715582089673262
parabola,nonlinear,regression,FCD,difference,mean,f_regression,pearson_abs,val_threshold,6,0.1,2,0.16666666666666666,1.0,0.2857142857142857,0.16666666666666666,0.5,0.9860231154650548,0.2533131269738078
parabola,nonlinear,regression,FCQ,quotient,mean,f_regression,pearson_abs,val_fixed_k,2,,2,0.0,0.0,0.0,0.0,0.5,0.9865951134269628,0.17192691698437557
parabola,nonlinear,regression,FCQ,quotient,mean,f_regression,pearson_abs,val_threshold,7,0.1,2,0.14285714285714285,1.0,0.25,0.14285714285714285,0.5714285714285714,0.9847706290648417,0.27028633398003876
parabola,nonlinear,regression,ModMRMR,multiplicative,max,f_regression,pearson_abs,val_fixed_k,2,,2,0.0,0.0,0.0,0.0,0.5,0.9865951134269628,0.1735279579879716
parabola,nonlinear,regression,ModMRMR,multiplicative,max,f_regression,pearson_abs,val_threshold,8,0.0,2,0.125,1.0,0.2222222222222222,0.125,0.625,0.9849882766665329,0.2501657930552028
parabola,nonlinear,regression,ModMRMR_dcor,multiplicative,max,f_regression,distance_corr,val_fixed_k,2,,2,0.0,0.0,0.0,0.0,0.5,0.9865951134269628,0.19279270904371515
parabola,nonlinear,regression,ModMRMR_dcor,multiplicative,max,f_regression,distance_corr,val_threshold,5,0.1,2,0.0,0.0,0.0,0.2,0.6,0.9856175771358536,0.26818624898442067
parabola,nonlinear,regression,skb_f,,,,,val_fixed_k,2,,2,0.0,0.0,0.0,0.0,0.5,0.9867411990708502,0.141619875037577
parabola,nonlinear,regression,skb_mi,,,,,val_fixed_k,2,,2,0.5,1.0,0.6666666666666666,0.0,0.0,0.9880976666955938,0.16559704003157094
radial,nonlinear,classification,MID,difference,mean,mutual_info_classif,mutual_info_sklearn,val_fixed_k,2,,0,0.5,0.5,0.5,0.0,0.0,0.9791666666666667,0.38840429196716286
radial,nonlinear,classification,MID,difference,mean,mutual_info_classif,mutual_info_sklearn,val_threshold,2,0.1,0,0.5,0.5,0.5,0.0,0.0,0.9791666666666667,0.3750822090078145
radial,nonlinear,classification,MIQ,quotient,mean,mutual_info_classif,mutual_info_sklearn,val_fixed_k,2,,0,0.5,0.5,0.5,0.0,0.0,0.9791666666666667,0.39350766799179837
radial,nonlinear,classification,MIQ,quotient,mean,mutual_info_classif,mutual_info_sklearn,val_threshold,6,0.1,0,0.3333333333333333,1.0,0.5,0.0,0.5,0.9458333333333333,0.4038907930080313
radial,nonlinear,classification,MIFS,difference,sum,mutual_info_classif,mutual_info_sklearn,val_fixed_k,2,,0,0.5,0.5,0.5,0.0,0.0,0.9791666666666667,0.40469525000662543
radial,nonlinear,classification,MIFS,difference,sum,mutual_info_classif,mutual_info_sklearn,val_threshold,2,0.1,0,0.5,0.5,0.5,0.0,0.0,0.9791666666666667,0.3742725840129424
radial,nonlinear,classification,FCD,difference,mean,f_classif,pearson_abs,val_fixed_k,5,,0,0.2,0.5,0.28571428571428575,0.0,0.6,0.9583333333333333,0.16167679100180976
radial,nonlinear,classification,FCD,difference,mean,f_classif,pearson_abs,val_threshold,5,0.1,0,0.2,0.5,0.28571428571428575,0.0,0.6,0.9583333333333333,0.1744015829754062
radial,nonlinear,classification,FCQ,quotient,mean,f_classif,pearson_abs,val_fixed_k,5,,0,0.2,0.5,0.28571428571428575,0.0,0.6,0.9583333333333333,0.16205183399142697
radial,nonlinear,classification,FCQ,quotient,mean,f_classif,pearson_abs,val_threshold,8,0.0,0,0.25,1.0,0.4,0.0,0.625,0.9375,0.1819299589842558
radial,nonlinear,classification,ModMRMR,multiplicative,max,f_classif,pearson_abs,val_fixed_k,5,,0,0.2,0.5,0.28571428571428575,0.0,0.6,0.9583333333333333,0.16251875000307336
radial,nonlinear,classification,ModMRMR,multiplicative,max,f_classif,pearson_abs,val_threshold,8,0.0,0,0.25,1.0,0.4,0.0,0.625,0.95,0.18190820698509924
radial,nonlinear,classification,ModMRMR_dcor,multiplicative,max,f_classif,distance_corr,val_fixed_k,5,,0,0.2,0.5,0.28571428571428575,0.0,0.6,0.9583333333333333,0.18007616698741913
radial,nonlinear,classification,ModMRMR_dcor,multiplicative,max,f_classif,distance_corr,val_threshold,8,0.0,0,0.25,1.0,0.4,0.0,0.625,0.95,0.19830145899322815
radial,nonlinear,classification,skb_f,,,,,val_fixed_k,5,,0,0.2,0.5,0.28571428571428575,0.0,0.6,0.9541666666666666,0.1271606249792967
radial,nonlinear,classification,skb_mi,,,,,val_fixed_k,5,,0,0.4,1.0,0.5714285714285715,0.0,0.4,0.95,0.1508170830202289
radial,nonlinear,classification,MID,difference,mean,mutual_info_classif,mutual_info_sklearn,val_fixed_k,2,,1,1.0,1.0,1.0,0.0,0.0,0.9625,0.38569812598871067
radial,nonlinear,classification,MID,difference,mean,mutual_info_classif,mutual_info_sklearn,val_threshold,2,0.1,1,1.0,1.0,1.0,0.0,0.0,0.9625,0.38653312501264736
radial,nonlinear,classification,MIQ,quotient,mean,mutual_info_classif,mutual_info_sklearn,val_fixed_k,2,,1,0.5,0.5,0.5,0.0,0.5,0.7333333333333334,0.3858921650098637
radial,nonlinear,classification,MIQ,quotient,mean,mutual_info_classif,mutual_info_sklearn,val_threshold,5,0.1,1,0.4,1.0,0.5714285714285715,0.0,0.4,0.9666666666666667,0.4027594159997534
radial,nonlinear,classification,MIFS,difference,sum,mutual_info_classif,mutual_info_sklearn,val_fixed_k,2,,1,1.0,1.0,1.0,0.0,0.0,0.9625,0.3870134149910882
radial,nonlinear,classification,MIFS,difference,sum,mutual_info_classif,mutual_info_sklearn,val_threshold,2,0.1,1,1.0,1.0,1.0,0.0,0.0,0.9625,0.38860920796287246
radial,nonlinear,classification,FCD,difference,mean,f_classif,pearson_abs,val_fixed_k,5,,1,0.2,0.5,0.28571428571428575,0.0,0.6,0.7375,0.16281012602848932
radial,nonlinear,classification,FCD,difference,mean,f_classif,pearson_abs,val_threshold,5,0.0,1,0.2,0.5,0.28571428571428575,0.0,0.6,0.7375,0.17710745902149938
radial,nonlinear,classification,FCQ,quotient,mean,f_classif,pearson_abs,val_fixed_k,5,,1,0.2,0.5,0.28571428571428575,0.0,0.6,0.7375,0.16382483299821615
radial,nonlinear,classification,FCQ,quotient,mean,f_classif,pearson_abs,val_threshold,8,0.0,1,0.25,1.0,0.4,0.0,0.625,0.9541666666666666,0.18413220799993724
radial,nonlinear,classification,ModMRMR,multiplicative,max,f_classif,pearson_abs,val_fixed_k,5,,1,0.2,0.5,0.28571428571428575,0.0,0.6,0.7375,0.17148441597237252
radial,nonlinear,classification,ModMRMR,multiplicative,max,f_classif,pearson_abs,val_threshold,5,0.1,1,0.2,0.5,0.28571428571428575,0.0,0.6,0.7375,0.18022433301666752
radial,nonlinear,classification,ModMRMR_dcor,multiplicative,max,f_classif,distance_corr,val_fixed_k,5,,1,0.2,0.5,0.28571428571428575,0.0,0.6,0.7375,0.18233587400754914
radial,nonlinear,classification,ModMRMR_dcor,multiplicative,max,f_classif,distance_corr,val_threshold,5,0.1,1,0.2,0.5,0.28571428571428575,0.0,0.6,0.7375,0.1960615000280086
radial,nonlinear,classification,skb_f,,,,,val_fixed_k,5,,1,0.2,0.5,0.28571428571428575,0.0,0.6,0.7458333333333333,0.13614395799231716
radial,nonlinear,classification,skb_mi,,,,,val_fixed_k,5,,1,0.4,1.0,0.5714285714285715,0.0,0.4,0.9624999999999999,0.17020174898789264
radial,nonlinear,classification,MID,difference,mean,mutual_info_classif,mutual_info_sklearn,val_fixed_k,2,,2,1.0,1.0,1.0,0.0,0.0,0.9625,0.386468791984953
radial,nonlinear,classification,MID,difference,mean,mutual_info_classif,mutual_info_sklearn,val_threshold,2,0.1,2,1.0,1.0,1.0,0.0,0.0,0.9625,0.3921044170274399
radial,nonlinear,classification,MIQ,quotient,mean,mutual_info_classif,mutual_info_sklearn,val_fixed_k,2,,2,1.0,1.0,1.0,0.0,0.0,0.9625,0.38341587502509356
radial,nonlinear,classification,MIQ,quotient,mean,mutual_info_classif,mutual_info_sklearn,val_threshold,5,0.1,2,0.4,1.0,0.5714285714285715,0.0,0.4,0.975,0.4218600409803912
radial,nonlinear,classification,MIFS,difference,sum,mutual_info_classif,mutual_info_sklearn,val_fixed_k,2,,2,1.0,1.0,1.0,0.0,0.0,0.9625,0.40798729195375927
radial,nonlinear,classification,MIFS,difference,sum,mutual_info_classif,mutual_info_sklearn,val_threshold,2,0.1,2,1.0,1.0,1.0,0.0,0.0,0.9625,0.3893346240220126
radial,nonlinear,classification,FCD,difference,mean,f_classif,pearson_abs,val_fixed_k,2,,2,0.0,0.0,0.0,0.0,0.5,0.7541666666666667,0.18242845896747895
radial,nonlinear,classification,FCD,difference,mean,f_classif,pearson_abs,val_threshold,8,0.1,2,0.25,1.0,0.4,0.0,0.625,0.9666666666666667,0.18152595800347626
radial,nonlinear,classification,FCQ,quotient,mean,f_classif,pearson_abs,val_fixed_k,5,,2,0.0,0.0,0.0,0.0,0.8,0.7291666666666666,0.16479183302726597
radial,nonlinear,classification,FCQ,quotient,mean,f_classif,pearson_abs,val_threshold,8,0.1,2,0.25,1.0,0.4,0.0,0.625,0.9666666666666666,0.18160133398487233
radial,nonlinear,classification,ModMRMR,multiplicative,max,f_classif,pearson_abs,val_fixed_k,2,,2,0.0,0.0,0.0,0.0,0.5,0.7541666666666667,0.17324929300229996
radial,nonlinear,classification,ModMRMR,multiplicative,max,f_classif,pearson_abs,val_threshold,8,0.0,2,0.25,1.0,0.4,0.0,0.625,0.9666666666666667,0.18612891499651596
radial,nonlinear,classification,ModMRMR_dcor,multiplicative,max,f_classif,distance_corr,val_fixed_k,2,,2,0.0,0.0,0.0,0.0,0.5,0.7541666666666667,0.18353308300720528
radial,nonlinear,classification,ModMRMR_dcor,multiplicative,max,f_classif,distance_corr,val_threshold,8,0.0,2,0.25,1.0,0.4,0.0,0.625,0.9625,0.20119141601026058
radial,nonlinear,classification,skb_f,,,,,val_fixed_k,2,,2,0.0,0.0,0.0,0.0,0.5,0.75,0.1315531239961274
radial,nonlinear,classification,skb_mi,,,,,val_fixed_k,5,,2,0.4,1.0,0.5714285714285715,0.0,0.4,0.9833333333333334,0.15214412499335594
sine,nonlinear,regression,MID,difference,mean,mutual_info_sklearn,mutual_info_sklearn,val_fixed_k,1,,0,1.0,1.0,1.0,0.0,0.0,0.960164397057938,0.4061638330167625
sine,nonlinear,regression,MID,difference,mean,mutual_info_sklearn,mutual_info_sklearn,val_threshold,1,0.1,0,1.0,1.0,1.0,0.0,0.0,0.960164397057938,0.40973437498905696
sine,nonlinear,regression,MIQ,quotient,mean,mutual_info_sklearn,mutual_info_sklearn,val_fixed_k,1,,0,1.0,1.0,1.0,0.0,0.0,0.960164397057938,0.4044339600368403
sine,nonlinear,regression,MIQ,quotient,mean,mutual_info_sklearn,mutual_info_sklearn,val_threshold,6,0.1,0,0.16666666666666666,1.0,0.2857142857142857,0.16666666666666666,0.5,0.9577208149472355,0.4635962520260364
sine,nonlinear,regression,MIFS,difference,sum,mutual_info_sklearn,mutual_info_sklearn,val_fixed_k,1,,0,1.0,1.0,1.0,0.0,0.0,0.960164397057938,0.40217437595129013
sine,nonlinear,regression,MIFS,difference,sum,mutual_info_sklearn,mutual_info_sklearn,val_threshold,1,0.1,0,1.0,1.0,1.0,0.0,0.0,0.960164397057938,0.3869076260307338
sine,nonlinear,regression,FCD,difference,mean,f_regression,pearson_abs,val_fixed_k,5,,0,0.2,1.0,0.33333333333333337,0.2,0.4,0.9580216529583367,0.18455425105639733
sine,nonlinear,regression,FCD,difference,mean,f_regression,pearson_abs,val_threshold,6,0.1,0,0.16666666666666666,1.0,0.2857142857142857,0.16666666666666666,0.5,0.9535351987228583,0.2215971260156948
sine,nonlinear,regression,FCQ,quotient,mean,f_regression,pearson_abs,val_fixed_k,2,,0,0.0,0.0,0.0,0.0,1.0,-0.24818093495514493,0.16893270699074492
sine,nonlinear,regression,FCQ,quotient,mean,f_regression,pearson_abs,val_threshold,8,0.1,0,0.125,1.0,0.2222222222222222,0.125,0.625,0.9483107918658759,0.24286841694265604
sine,nonlinear,regression,ModMRMR,multiplicative,max,f_regression,pearson_abs,val_fixed_k,5,,0,0.2,1.0,0.33333333333333337,0.0,0.6,0.9514875223400496,0.17478029101039283
sine,nonlinear,regression,ModMRMR,multiplicative,max,f_regression,pearson_abs,val_threshold,8,0.0,0,0.125,1.0,0.2222222222222222,0.125,0.625,0.9475745524405903,0.2242206659866497
sine,nonlinear,regression,ModMRMR_dcor,multiplicative,max,f_regression,distance_corr,val_fixed_k,5,,0,0.2,1.0,0.33333333333333337,0.0,0.6,0.9531436017386289,0.19286379098775797
sine,nonlinear,regression,ModMRMR_dcor,multiplicative,max,f_regression,distance_corr,val_threshold,6,0.05,0,0.16666666666666666,1.0,0.2857142857142857,0.0,0.6666666666666666,0.9521046995049509,0.24313258402980864
sine,nonlinear,regression,skb_f,,,,,val_fixed_k,5,,0,0.2,1.0,0.33333333333333337,0.2,0.4,0.9570177643638157,0.139558415976353
sine,nonlinear,regression,skb_mi,,,,,val_fixed_k,2,,0,0.5,1.0,0.6666666666666666,0.0,0.0,0.96142568174684,0.15789437599596567
sine,nonlinear,regression,MID,difference,mean,mutual_info_sklearn,mutual_info_sklearn,val_fixed_k,1,,1,1.0,1.0,1.0,0.0,0.0,0.9711624891244287,0.3983817500411533
sine,nonlinear,regression,MID,difference,mean,mutual_info_sklearn,mutual_info_sklearn,val_threshold,1,0.1,1,1.0,1.0,1.0,0.0,0.0,0.9711624891244287,0.39647937496192753
sine,nonlinear,regression,MIQ,quotient,mean,mutual_info_sklearn,mutual_info_sklearn,val_fixed_k,1,,1,1.0,1.0,1.0,0.0,0.0,0.9711624891244287,0.3946182080253493
sine,nonlinear,regression,MIQ,quotient,mean,mutual_info_sklearn,mutual_info_sklearn,val_threshold,5,0.1,1,0.2,1.0,0.33333333333333337,0.2,0.4,0.9437555289585108,0.45905454296735115
sine,nonlinear,regression,MIFS,difference,sum,mutual_info_sklearn,mutual_info_sklearn,val_fixed_k,1,,1,1.0,1.0,1.0,0.0,0.0,0.9711624891244287,0.3998218319902662
sine,nonlinear,regression,MIFS,difference,sum,mutual_info_sklearn,mutual_info_sklearn,val_threshold,1,0.1,1,1.0,1.0,1.0,0.0,0.0,0.9711624891244287,0.38950958399800584
sine,nonlinear,regression,FCD,difference,mean,f_regression,pearson_abs,val_fixed_k,2,,1,0.0,0.0,0.0,0.0,0.5,-0.16683926898628298,0.16981375103932805
sine,nonlinear,regression,FCD,difference,mean,f_regression,pearson_abs,val_threshold,7,0.1,1,0.14285714285714285,1.0,0.25,0.14285714285714285,0.5714285714285714,0.9324488111643491,0.22918629099149257
sine,nonlinear,regression,FCQ,quotient,mean,f_regression,pearson_abs,val_fixed_k,5,,1,0.2,1.0,0.33333333333333337,0.0,0.6,0.9412801732257872,0.17531800002325326
sine,nonlinear,regression,FCQ,quotient,mean,f_regression,pearson_abs,val_threshold,8,0.1,1,0.125,1.0,0.2222222222222222,0.125,0.625,0.9243706160682201,0.25710995800909586
sine,nonlinear,regression,ModMRMR,multiplicative,max,f_regression,pearson_abs,val_fixed_k,2,,1,0.0,0.0,0.0,0.0,0.5,-0.16683926898628298,0.1719853329414036
sine,nonlinear,regression,ModMRMR,multiplicative,max,f_regression,pearson_abs,val_threshold,6,0.1,1,0.16666666666666666,1.0,0.2857142857142857,0.0,0.6666666666666666,0.9310976166847582,0.23414516798220575
sine,nonlinear,regression,ModMRMR_dcor,multiplicative,max,f_regression,distance_corr,val_fixed_k,2,,1,0.0,0.0,0.0,0.0,0.5,-0.16683926898628298,0.19130858196876943
sine,nonlinear,regression,ModMRMR_dcor,multiplicative,max,f_regression,distance_corr,val_threshold,6,0.1,1,0.16666666666666666,1.0,0.2857142857142857,0.0,0.6666666666666666,0.9308637909212476,0.2523205410398077
sine,nonlinear,regression,skb_f,,,,,val_fixed_k,2,,1,0.0,0.0,0.0,0.0,0.5,-0.17219691676041915,0.13818566701957025
sine,nonlinear,regression,skb_mi,,,,,val_fixed_k,1,,1,1.0,1.0,1.0,0.0,0.0,0.9711624891244287,0.1571510419889819
sine,nonlinear,regression,MID,difference,mean,mutual_info_sklearn,mutual_info_sklearn,val_fixed_k,1,,2,1.0,1.0,1.0,0.0,0.0,0.96749276210295,0.40066087499144487
sine,nonlinear,regression,MID,difference,mean,mutual_info_sklearn,mutual_info_sklearn,val_threshold,1,0.1,2,1.0,1.0,1.0,0.0,0.0,0.96749276210295,0.3871466669952497
sine,nonlinear,regression,MIQ,quotient,mean,mutual_info_sklearn,mutual_info_sklearn,val_fixed_k,1,,2,1.0,1.0,1.0,0.0,0.0,0.96749276210295,0.39909287597402
sine,nonlinear,regression,MIQ,quotient,mean,mutual_info_sklearn,mutual_info_sklearn,val_threshold,5,0.1,2,0.2,1.0,0.33333333333333337,0.2,0.4,0.9683244544588918,0.4461337080283556
sine,nonlinear,regression,MIFS,difference,sum,mutual_info_sklearn,mutual_info_sklearn,val_fixed_k,1,,2,1.0,1.0,1.0,0.0,0.0,0.96749276210295,0.3984385840012692
sine,nonlinear,regression,MIFS,difference,sum,mutual_info_sklearn,mutual_info_sklearn,val_threshold,1,0.1,2,1.0,1.0,1.0,0.0,0.0,0.96749276210295,0.3943713339685928
sine,nonlinear,regression,FCD,difference,mean,f_regression,pearson_abs,val_fixed_k,2,,2,0.0,0.0,0.0,0.0,1.0,-0.3254780166411104,0.16985633200965822
sine,nonlinear,regression,FCD,difference,mean,f_regression,pearson_abs,val_threshold,5,0.1,2,0.2,1.0,0.33333333333333337,0.0,0.6,0.9698936472300745,0.23998662299709395
sine,nonlinear,regression,FCQ,quotient,mean,f_regression,pearson_abs,val_fixed_k,5,,2,0.2,1.0,0.33333333333333337,0.0,0.6,0.9706295541085774,0.17697208395111375
sine,nonlinear,regression,FCQ,quotient,mean,f_regression,pearson_abs,val_threshold,8,0.1,2,0.125,1.0,0.2222222222222222,0.125,0.625,0.9663234223402734,0.24785704203532077
sine,nonlinear,regression,ModMRMR,multiplicative,max,f_regression,pearson_abs,val_fixed_k,2,,2,0.0,0.0,0.0,0.0,1.0,-0.3254780166411104,0.17114195800968446
sine,nonlinear,regression,ModMRMR,multiplicative,max,f_regression,pearson_abs,val_threshold,8,0.0,2,0.125,1.0,0.2222222222222222,0.125,0.625,0.9664532657865509,0.24289204200613312
sine,nonlinear,regression,ModMRMR_dcor,multiplicative,max,f_regression,distance_corr,val_fixed_k,2,,2,0.0,0.0,0.0,0.0,1.0,-0.3254780166411104,0.18933308296254836
sine,nonlinear,regression,ModMRMR_dcor,multiplicative,max,f_regression,distance_corr,val_threshold,8,0.0,2,0.125,1.0,0.2222222222222222,0.125,0.625,0.9660088315244539,0.26055487600388005
sine,nonlinear,regression,skb_f,,,,,val_fixed_k,5,,2,0.2,1.0,0.33333333333333337,0.2,0.4,0.9701236986252749,0.1359860830125399
sine,nonlinear,regression,skb_mi,,,,,val_fixed_k,1,,2,1.0,1.0,1.0,0.0,0.0,0.96749276210295,0.15718841599300504
nonlin_redundancy_clf,mixed,classification,MID,difference,mean,mutual_info_classif,mutual_info_sklearn,val_fixed_k,5,,0,0.2,1.0,0.33333333333333337,0.0,0.8,0.903642936596218,0.32229650096269324
nonlin_redundancy_clf,mixed,classification,MID,difference,mean,mutual_info_classif,mutual_info_sklearn,val_threshold,3,0.0,0,0.3333333333333333,1.0,0.5,0.0,0.6666666666666666,0.8912680756395995,0.317984500026796
nonlin_redundancy_clf,mixed,classification,MIQ,quotient,mean,mutual_info_classif,mutual_info_sklearn,val_fixed_k,5,,0,0.2,1.0,0.33333333333333337,0.0,0.8,0.9079532814238043,0.32336829297128133
nonlin_redundancy_clf,mixed,classification,MIQ,quotient,mean,mutual_info_classif,mutual_info_sklearn,val_threshold,3,0.1,0,0.3333333333333333,1.0,0.5,0.0,0.6666666666666666,0.9085094549499444,0.3384299980243668
nonlin_redundancy_clf,mixed,classification,MIFS,difference,sum,mutual_info_classif,mutual_info_sklearn,val_fixed_k,5,,0,0.2,1.0,0.33333333333333337,0.0,0.8,0.9076751946607342,0.32114991499111056
nonlin_redundancy_clf,mixed,classification,MIFS,difference,sum,mutual_info_classif,mutual_info_sklearn,val_threshold,3,0.0,0,0.3333333333333333,1.0,0.5,0.0,0.6666666666666666,0.8912680756395995,0.3191251659882255
nonlin_redundancy_clf,mixed,classification,FCD,difference,mean,f_classif,pearson_abs,val_fixed_k,5,,0,0.2,1.0,0.33333333333333337,0.0,0.6,0.9079532814238043,0.1509012909955345
nonlin_redundancy_clf,mixed,classification,FCD,difference,mean,f_classif,pearson_abs,val_threshold,4,0.1,0,0.25,1.0,0.4,0.0,0.5,0.903921023359288,0.1668292500253301
nonlin_redundancy_clf,mixed,classification,FCQ,quotient,mean,f_classif,pearson_abs,val_fixed_k,2,,0,0.5,1.0,0.6666666666666666,0.0,0.5,0.8912680756395995,0.15013720898423344
nonlin_redundancy_clf,mixed,classification,FCQ,quotient,mean,f_classif,pearson_abs,val_threshold,6,0.1,0,0.16666666666666666,1.0,0.2857142857142857,0.0,0.6666666666666666,0.903921023359288,0.1745297490269877
nonlin_redundancy_clf,mixed,classification,ModMRMR,multiplicative,max,f_classif,pearson_abs,val_fixed_k,5,,0,0.2,1.0,0.33333333333333337,0.0,0.6,0.9079532814238043,0.15124858502531424
nonlin_redundancy_clf,mixed,classification,ModMRMR,multiplicative,max,f_classif,pearson_abs,val_threshold,4,0.1,0,0.25,1.0,0.4,0.0,0.5,0.903921023359288,0.16978733200812712
nonlin_redundancy_clf,mixed,classification,ModMRMR_dcor,multiplicative,max,f_classif,distance_corr,val_fixed_k,2,,0,0.5,1.0,0.6666666666666666,0.0,0.0,0.9068409343715239,0.16411416701157577
nonlin_redundancy_clf,mixed,classification,ModMRMR_dcor,multiplicative,max,f_classif,distance_corr,val_threshold,4,0.1,0,0.25,1.0,0.4,0.0,0.5,0.903921023359288,0.1849772919958923
nonlin_redundancy_clf,mixed,classification,skb_f,,,,,val_fixed_k,5,,0,0.2,1.0,0.33333333333333337,0.0,0.6,0.9122636262513903,0.12410970701603219
nonlin_redundancy_clf,mixed,classification,skb_mi,,,,,val_fixed_k,2,,0,0.5,1.0,0.6666666666666666,0.0,0.5,0.9082313681868743,0.14293599899974652
nonlin_redundancy_clf,mixed,classification,MID,difference,mean,mutual_info_classif,mutual_info_sklearn,val_fixed_k,2,,1,0.5,1.0,0.6666666666666666,0.0,0.5,0.8805617352614016,0.3238036669790745
nonlin_redundancy_clf,mixed,classification,MID,difference,mean,mutual_info_classif,mutual_info_sklearn,val_threshold,3,0.0,1,0.3333333333333333,1.0,0.5,0.0,0.6666666666666666,0.885706340378198,0.31537220798782073
nonlin_redundancy_clf,mixed,classification,MIQ,quotient,mean,mutual_info_classif,mutual_info_sklearn,val_fixed_k,2,,1,0.5,1.0,0.6666666666666666,0.0,0.5,0.8805617352614016,0.3228746669483371
nonlin_redundancy_clf,mixed,classification,MIQ,quotient,mean,mutual_info_classif,mutual_info_sklearn,val_threshold,3,0.1,1,0.3333333333333333,1.0,0.5,0.0,0.6666666666666666,0.885706340378198,0.34322383301332593
nonlin_redundancy_clf,mixed,classification,MIFS,difference,sum,mutual_info_classif,mutual_info_sklearn,val_fixed_k,2,,1,0.5,1.0,0.6666666666666666,0.0,0.5,0.8805617352614016,0.3211133759759832
nonlin_redundancy_clf,mixed,classification,MIFS,difference,sum,mutual_info_classif,mutual_info_sklearn,val_threshold,3,0.0,1,0.3333333333333333,1.0,0.5,0.0,0.6666666666666666,0.885706340378198,0.3147357499692589
nonlin_redundancy_clf,mixed,classification,FCD,difference,mean,f_classif,pearson_abs,val_fixed_k,2,,1,0.5,1.0,0.6666666666666666,0.0,0.0,0.8684649610678532,0.14852920797420666
nonlin_redundancy_clf,mixed,classification,FCD,difference,mean,f_classif,pearson_abs,val_threshold,5,0.1,1,0.2,1.0,0.33333333333333337,0.0,0.6,0.8934927697441601,0.16893445799360052
nonlin_redundancy_clf,mixed,classification,FCQ,quotient,mean,f_classif,pearson_abs,val_fixed_k,2,,1,0.5,1.0,0.6666666666666666,0.0,0.5,0.8566462736373748,0.1502952909504529
nonlin_redundancy_clf,mixed,classification,FCQ,quotient,mean,f_classif,pearson_abs,val_threshold,7,0.1,1,0.14285714285714285,1.0,0.25,0.0,0.7142857142857143,0.8940489432703004,0.17185370897641405
nonlin_redundancy_clf,mixed,classification,ModMRMR,multiplicative,max,f_classif,pearson_abs,val_fixed_k,2,,1,0.5,1.0,0.6666666666666666,0.0,0.0,0.8684649610678532,0.15001104099792428
nonlin_redundancy_clf,mixed,classification,ModMRMR,multiplicative,max,f_classif,pearson_abs,val_threshold,7,0.0,1,0.14285714285714285,1.0,0.25,0.0,0.7142857142857143,0.9101779755283649,0.17204079203656875
nonlin_redundancy_clf,mixed,classification,ModMRMR_dcor,multiplicative,max,f_classif,distance_corr,val_fixed_k,2,,1,0.5,1.0,0.6666666666666666,0.0,0.0,0.8684649610678532,0.1649025420192629
nonlin_redundancy_clf,mixed,classification,ModMRMR_dcor,multiplicative,max,f_classif,distance_corr,val_threshold,5,0.1,1,0.2,1.0,0.33333333333333337,0.0,0.6,0.8934927697441601,0.1849972500349395
nonlin_redundancy_clf,mixed,classification,skb_f,,,,,val_fixed_k,2,,1,0.5,1.0,0.6666666666666666,0.0,0.0,0.864432703003337,0.12280612502945587
nonlin_redundancy_clf,mixed,classification,skb_mi,,,,,val_fixed_k,2,,1,0.5,1.0,0.6666666666666666,0.0,0.5,0.8851501668520578,0.14455299999099225
nonlin_redundancy_clf,mixed,classification,MID,difference,mean,mutual_info_classif,mutual_info_sklearn,val_fixed_k,5,,2,0.2,1.0,0.33333333333333337,0.0,0.8,0.8909899888765295,0.3212781259790063
nonlin_redundancy_clf,mixed,classification,MID,difference,mean,mutual_info_classif,mutual_info_sklearn,val_threshold,4,0.0,2,0.25,1.0,0.4,0.0,0.75,0.903642936596218,0.31622020798386075
nonlin_redundancy_clf,mixed,classification,MIQ,quotient,mean,mutual_info_classif,mutual_info_sklearn,val_fixed_k,2,,2,0.5,1.0,0.6666666666666666,0.0,0.5,0.9071190211345941,0.32110104098683223
nonlin_redundancy_clf,mixed,classification,MIQ,quotient,mean,mutual_info_classif,mutual_info_sklearn,val_threshold,4,0.1,2,0.25,1.0,0.4,0.0,0.75,0.899610678531702,0.3382674590102397
nonlin_redundancy_clf,mixed,classification,MIFS,difference,sum,mutual_info_classif,mutual_info_sklearn,val_fixed_k,2,,2,0.5,1.0,0.6666666666666666,0.0,0.5,0.9128197997775306,0.3184327509952709
nonlin_redundancy_clf,mixed,classification,MIFS,difference,sum,mutual_info_classif,mutual_info_sklearn,val_threshold,3,0.0,2,0.3333333333333333,1.0,0.5,0.0,0.6666666666666666,0.899610678531702,0.31648829198093154
nonlin_redundancy_clf,mixed,classification,FCD,difference,mean,f_classif,pearson_abs,val_fixed_k,5,,2,0.2,1.0,0.33333333333333337,0.0,0.6,0.8869577308120133,0.15112387598492205
nonlin_redundancy_clf,mixed,classification,FCD,difference,mean,f_classif,pearson_abs,val_threshold,5,0.1,2,0.2,1.0,0.33333333333333337,0.0,0.6,0.8869577308120133,0.17065999898477457
nonlin_redundancy_clf,mixed,classification,FCQ,quotient,mean,f_classif,pearson_abs,val_fixed_k,5,,2,0.2,1.0,0.33333333333333337,0.0,0.6,0.8947441601779755,0.15149645699420944
nonlin_redundancy_clf,mixed,classification,FCQ,quotient,mean,f_classif,pearson_abs,val_threshold,7,0.1,2,0.14285714285714285,1.0,0.25,0.0,0.7142857142857143,0.8745828698553948,0.1721902920107823
nonlin_redundancy_clf,mixed,classification,ModMRMR,multiplicative,max,f_classif,pearson_abs,val_fixed_k,5,,2,0.2,1.0,0.33333333333333337,0.0,0.6,0.8869577308120133,0.15204629200161435
nonlin_redundancy_clf,mixed,classification,ModMRMR,multiplicative,max,f_classif,pearson_abs,val_threshold,5,0.1,2,0.2,1.0,0.33333333333333337,0.0,0.6,0.8869577308120133,0.174142124975333
nonlin_redundancy_clf,mixed,classification,ModMRMR_dcor,multiplicative,max,f_classif,distance_corr,val_fixed_k,2,,2,0.5,1.0,0.6666666666666666,0.0,0.5,0.8743047830923247,0.16374875098699704
nonlin_redundancy_clf,mixed,classification,ModMRMR_dcor,multiplicative,max,f_classif,distance_corr,val_threshold,5,0.1,2,0.2,1.0,0.33333333333333337,0.0,0.6,0.8947441601779755,0.18616491596912965
nonlin_redundancy_clf,mixed,classification,skb_f,,,,,val_fixed_k,5,,2,0.2,1.0,0.33333333333333337,0.0,0.6,0.8915461624026697,0.1238868740038015
nonlin_redundancy_clf,mixed,classification,skb_mi,,,,,val_fixed_k,2,,2,0.5,1.0,0.6666666666666666,0.0,0.5,0.8918242491657398,0.14247287504258566
nonlin_redundancy_reg,mixed,regression,MID,difference,mean,mutual_info_sklearn,mutual_info_sklearn,val_fixed_k,5,,0,0.2,1.0,0.33333333333333337,0.0,0.6,0.9819329519107869,0.34417812500032596
nonlin_redundancy_reg,mixed,regression,MID,difference,mean,mutual_info_sklearn,mutual_info_sklearn,val_threshold,4,0.0,0,0.25,1.0,0.4,0.0,0.5,0.9820741700908789,0.32661583204753697
nonlin_redundancy_reg,mixed,regression,MIQ,quotient,mean,mutual_info_sklearn,mutual_info_sklearn,val_fixed_k,5,,0,0.2,1.0,0.33333333333333337,0.0,0.6,0.9811449708581612,0.34418012396781705
nonlin_redundancy_reg,mixed,regression,MIQ,quotient,mean,mutual_info_sklearn,mutual_info_sklearn,val_threshold,5,0.1,0,0.2,1.0,0.33333333333333337,0.0,0.6,0.9811449708581612,0.3733043349930085
nonlin_redundancy_reg,mixed,regression,MIFS,difference,sum,mutual_info_sklearn,mutual_info_sklearn,val_fixed_k,5,,0,0.2,1.0,0.33333333333333337,0.0,0.8,0.9801026792078207,0.34156779100885615
nonlin_redundancy_reg,mixed,regression,MIFS,difference,sum,mutual_info_sklearn,mutual_info_sklearn,val_threshold,3,0.0,0,0.3333333333333333,1.0,0.5,0.0,0.6666666666666666,0.9809567316619922,0.31691975001012906
nonlin_redundancy_reg,mixed,regression,FCD,difference,mean,f_regression,pearson_abs,val_fixed_k,5,,0,0.2,1.0,0.33333333333333337,0.0,0.6,0.9813726176427877,0.1633061659813393
nonlin_redundancy_reg,mixed,regression,FCD,difference,mean,f_regression,pearson_abs,val_threshold,5,0.1,0,0.2,1.0,0.33333333333333337,0.0,0.6,0.9813726176427877,0.21418395900400355
nonlin_redundancy_reg,mixed,regression,FCQ,quotient,mean,f_regression,pearson_abs,val_fixed_k,5,,0,0.2,1.0,0.33333333333333337,0.0,0.6,0.9813726176427877,0.16371866699773818
nonlin_redundancy_reg,mixed,regression,FCQ,quotient,mean,f_regression,pearson_abs,val_threshold,6,0.1,0,0.16666666666666666,1.0,0.2857142857142857,0.0,0.6666666666666666,0.9812701112713481,0.23688520799623802
nonlin_redundancy_reg,mixed,regression,ModMRMR,multiplicative,max,f_regression,pearson_abs,val_fixed_k,5,,0,0.2,1.0,0.33333333333333337,0.0,0.6,0.9813726176427877,0.16334349897806533
nonlin_redundancy_reg,mixed,regression,ModMRMR,multiplicative,max,f_regression,pearson_abs,val_threshold,5,0.1,0,0.2,1.0,0.33333333333333337,0.0,0.6,0.9813726176427877,0.2332996669865679
nonlin_redundancy_reg,mixed,regression,ModMRMR_dcor,multiplicative,max,f_regression,distance_corr,val_fixed_k,5,,0,0.2,1.0,0.33333333333333337,0.0,0.6,0.9812598518308748,0.17796091703348793
nonlin_redundancy_reg,mixed,regression,ModMRMR_dcor,multiplicative,max,f_regression,distance_corr,val_threshold,5,0.1,0,0.2,1.0,0.33333333333333337,0.0,0.6,0.9812598518308748,0.24028670901316218
nonlin_redundancy_reg,mixed,regression,skb_f,,,,,val_fixed_k,5,,0,0.2,1.0,0.33333333333333337,0.0,0.6,0.9813059530675449,0.13629012601450086
nonlin_redundancy_reg,mixed,regression,skb_mi,,,,,val_fixed_k,5,,0,0.2,1.0,0.33333333333333337,0.0,0.6,0.9812479868398492,0.1572907500085421
nonlin_redundancy_reg,mixed,regression,MID,difference,mean,mutual_info_sklearn,mutual_info_sklearn,val_fixed_k,1,,1,1.0,1.0,1.0,0.0,0.0,0.9813592146584064,0.35941204096889123
nonlin_redundancy_reg,mixed,regression,MID,difference,mean,mutual_info_sklearn,mutual_info_sklearn,val_threshold,1,0.1,1,1.0,1.0,1.0,0.0,0.0,0.9813592146584064,0.32943075097864494
nonlin_redundancy_reg,mixed,regression,MIQ,quotient,mean,mutual_info_sklearn,mutual_info_sklearn,val_fixed_k,2,,1,0.5,1.0,0.6666666666666666,0.0,0.5,0.9835992757420488,0.3424262069747783
nonlin_redundancy_reg,mixed,regression,MIQ,quotient,mean,mutual_info_sklearn,mutual_info_sklearn,val_threshold,4,0.1,1,0.25,1.0,0.4,0.0,0.5,0.9839587986250865,0.3645589590014424
nonlin_redundancy_reg,mixed,regression,MIFS,difference,sum,mutual_info_sklearn,mutual_info_sklearn,val_fixed_k,1,,1,1.0,1.0,1.0,0.0,0.0,0.9813592146584064,0.3418428749719169
nonlin_redundancy_reg,mixed,regression,MIFS,difference,sum,mutual_info_sklearn,mutual_info_sklearn,val_threshold,1,0.1,1,1.0,1.0,1.0,0.0,0.0,0.9813592146584064,0.33553162298630923
nonlin_redundancy_reg,mixed,regression,FCD,difference,mean,f_regression,pearson_abs,val_fixed_k,2,,1,0.5,1.0,0.6666666666666666,0.0,0.0,0.9824935370613781,0.1630585829843767
nonlin_redundancy_reg,mixed,regression,FCD,difference,mean,f_regression,pearson_abs,val_threshold,7,0.0,1,0.14285714285714285,1.0,0.25,0.0,0.7142857142857143,0.9834693800197897,0.21032049800851382
nonlin_redundancy_reg,mixed,regression,FCQ,quotient,mean,f_regression,pearson_abs,val_fixed_k,2,,1,0.5,1.0,0.6666666666666666,0.0,0.0,0.9824935370613781,0.16164137399755418
nonlin_redundancy_reg,mixed,regression,FCQ,quotient,mean,f_regression,pearson_abs,val_threshold,7,0.1,1,0.14285714285714285,1.0,0.25,0.0,0.7142857142857143,0.9834693800197897,0.23698570800479501
nonlin_redundancy_reg,mixed,regression,ModMRMR,multiplicative,max,f_regression,pearson_abs,val_fixed_k,2,,1,0.5,1.0,0.6666666666666666,0.0,0.0,0.9824935370613781,0.1642092089750804
nonlin_redundancy_reg,mixed,regression,ModMRMR,multiplicative,max,f_regression,pearson_abs,val_threshold,6,0.05,1,0.16666666666666666,1.0,0.2857142857142857,0.0,0.6666666666666666,0.9836534906119991,0.22488245699787512
nonlin_redundancy_reg,mixed,regression,ModMRMR_dcor,multiplicative,max,f_regression,distance_corr,val_fixed_k,2,,1,0.5,1.0,0.6666666666666666,0.0,0.0,0.9824935370613781,0.177576918998966
nonlin_redundancy_reg,mixed,regression,ModMRMR_dcor,multiplicative,max,f_regression,distance_corr,val_threshold,6,0.05,1,0.16666666666666666,1.0,0.2857142857142857,0.0,0.6666666666666666,0.9836534906119991,0.2352493750222493
nonlin_redundancy_reg,mixed,regression,skb_f,,,,,val_fixed_k,2,,1,0.5,1.0,0.6666666666666666,0.0,0.0,0.9828156782891884,0.13585695897927508
nonlin_redundancy_reg,mixed,regression,skb_mi,,,,,val_fixed_k,2,,1,0.5,1.0,0.6666666666666666,0.0,0.0,0.9828156782891884,0.1563517070026137
nonlin_redundancy_reg,mixed,regression,MID,difference,mean,mutual_info_sklearn,mutual_info_sklearn,val_fixed_k,5,,2,0.2,1.0,0.33333333333333337,0.0,0.6,0.9817895100883675,0.3431466250331141
nonlin_redundancy_reg,mixed,regression,MID,difference,mean,mutual_info_sklearn,mutual_info_sklearn,val_threshold,5,0.0,2,0.2,1.0,0.33333333333333337,0.0,0.6,0.9817895100883675,0.3337801670131739
nonlin_redundancy_reg,mixed,regression,MIQ,quotient,mean,mutual_info_sklearn,mutual_info_sklearn,val_fixed_k,2,,2,0.5,1.0,0.6666666666666666,0.0,0.5,0.9806971565208734,0.34369529198738746
nonlin_redundancy_reg,mixed,regression,MIQ,quotient,mean,mutual_info_sklearn,mutual_info_sklearn,val_threshold,5,0.1,2,0.2,1.0,0.33333333333333337,0.0,0.6,0.9814224211339373,0.3866471239889506
nonlin_redundancy_reg,mixed,regression,MIFS,difference,sum,mutual_info_sklearn,mutual_info_sklearn,val_fixed_k,2,,2,0.5,1.0,0.6666666666666666,0.0,0.5,0.9801001345345044,0.35360108403256163
nonlin_redundancy_reg,mixed,regression,MIFS,difference,sum,mutual_info_sklearn,mutual_info_sklearn,val_threshold,4,0.0,2,0.25,1.0,0.4,0.0,0.75,0.981187215138929,0.32614212500629947
nonlin_redundancy_reg,mixed,regression,FCD,difference,mean,f_regression,pearson_abs,val_fixed_k,1,,2,1.0,1.0,1.0,0.0,0.0,0.9778540575321977,0.16068804197129793
nonlin_redundancy_reg,mixed,regression,FCD,difference,mean,f_regression,pearson_abs,val_threshold,4,0.0,2,0.25,1.0,0.4,0.0,0.5,0.9801267278518718,0.20509854197734967
nonlin_redundancy_reg,mixed,regression,FCQ,quotient,mean,f_regression,pearson_abs,val_fixed_k,1,,2,1.0,1.0,1.0,0.0,0.0,0.9778540575321977,0.16365729199605994
nonlin_redundancy_reg,mixed,regression,FCQ,quotient,mean,f_regression,pearson_abs,val_threshold,7,0.1,2,0.14285714285714285,1.0,0.25,0.0,0.7142857142857143,0.9810764990832217,0.23848416804685257
nonlin_redundancy_reg,mixed,regression,ModMRMR,multiplicative,max,f_regression,pearson_abs,val_fixed_k,1,,2,1.0,1.0,1.0,0.0,0.0,0.9778540575321977,0.16265033397939987
nonlin_redundancy_reg,mixed,regression,ModMRMR,multiplicative,max,f_regression,pearson_abs,val_threshold,7,0.0,2,0.14285714285714285,1.0,0.25,0.0,0.7142857142857143,0.9810764990832217,0.2224287079880014
nonlin_redundancy_reg,mixed,regression,ModMRMR_dcor,multiplicative,max,f_regression,distance_corr,val_fixed_k,1,,2,1.0,1.0,1.0,0.0,0.0,0.9778540575321977,0.17680945800384507
nonlin_redundancy_reg,mixed,regression,ModMRMR_dcor,multiplicative,max,f_regression,distance_corr,val_threshold,7,0.0,2,0.14285714285714285,1.0,0.25,0.0,0.7142857142857143,0.9810764990832217,0.23555891602882184
nonlin_redundancy_reg,mixed,regression,skb_f,,,,,val_fixed_k,1,,2,1.0,1.0,1.0,0.0,0.0,0.9778540575321977,0.13685183500638232
nonlin_redundancy_reg,mixed,regression,skb_mi,,,,,val_fixed_k,2,,2,0.5,1.0,0.6666666666666666,0.0,0.0,0.980905941262344,0.15702554196468554
linear_control_clf,linear,classification,MID,difference,mean,mutual_info_classif,mutual_info_sklearn,val_fixed_k,2,,0,1.0,1.0,1.0,0.0,0.0,0.9165219806931038,0.38342204099171795
linear_control_clf,linear,classification,MID,difference,mean,mutual_info_classif,mutual_info_sklearn,val_threshold,2,0.1,0,1.0,1.0,1.0,0.0,0.0,0.9165219806931038,0.3790466240316164
linear_control_clf,linear,classification,MIQ,quotient,mean,mutual_info_classif,mutual_info_sklearn,val_fixed_k,5,,0,0.2,0.5,0.28571428571428575,0.0,0.6,0.9206542120980623,0.38611691698315553
linear_control_clf,linear,classification,MIQ,quotient,mean,mutual_info_classif,mutual_info_sklearn,val_threshold,6,0.1,0,0.3333333333333333,1.0,0.5,0.0,0.5,0.9164525314257934,0.40442454200820066
linear_control_clf,linear,classification,MIFS,difference,sum,mutual_info_classif,mutual_info_sklearn,val_fixed_k,2,,0,1.0,1.0,1.0,0.0,0.0,0.9165219806931038,0.3848504580091685
linear_control_clf,linear,classification,MIFS,difference,sum,mutual_info_classif,mutual_info_sklearn,val_threshold,2,0.1,0,1.0,1.0,1.0,0.0,0.0,0.9165219806931038,0.3828248759964481
linear_control_clf,linear,classification,FCD,difference,mean,f_classif,pearson_abs,val_fixed_k,5,,0,0.4,1.0,0.5714285714285715,0.0,0.4,0.9207236613653726,0.15877154094050638
linear_control_clf,linear,classification,FCD,difference,mean,f_classif,pearson_abs,val_threshold,8,0.1,0,0.25,1.0,0.4,0.0,0.625,0.9205847628307522,0.17865591801819392
linear_control_clf,linear,classification,FCQ,quotient,mean,f_classif,pearson_abs,val_fixed_k,5,,0,0.4,1.0,0.5714285714285715,0.0,0.4,0.9207236613653726,0.15917795899440534
linear_control_clf,linear,classification,FCQ,quotient,mean,f_classif,pearson_abs,val_threshold,8,0.1,0,0.25,1.0,0.4,0.0,0.625,0.9247864435030211,0.18021312498603947
linear_control_clf,linear,classification,ModMRMR,multiplicative,max,f_classif,pearson_abs,val_fixed_k,5,,0,0.4,1.0,0.5714285714285715,0.0,0.6,0.9164525314257934,0.1599792079650797
linear_control_clf,linear,classification,ModMRMR,multiplicative,max,f_classif,pearson_abs,val_threshold,8,0.0,0,0.25,1.0,0.4,0.0,0.625,0.9122508507535245,0.1813862919807434
linear_control_clf,linear,classification,ModMRMR_dcor,multiplicative,max,f_classif,distance_corr,val_fixed_k,5,,0,0.4,1.0,0.5714285714285715,0.0,0.6,0.9164525314257934,0.17832704199827276
linear_control_clf,linear,classification,ModMRMR_dcor,multiplicative,max,f_classif,distance_corr,val_threshold,8,0.0,0,0.25,1.0,0.4,0.0,0.625,0.9122508507535245,0.2012679179897532
linear_control_clf,linear,classification,skb_f,,,,,val_fixed_k,2,,0,1.0,1.0,1.0,0.0,0.0,0.9165219806931038,0.12362679099896923
linear_control_clf,linear,classification,skb_mi,,,,,val_fixed_k,5,,0,0.4,1.0,0.5714285714285715,0.0,0.4,0.9039863879436072,0.146404250030173
linear_control_clf,linear,classification,MID,difference,mean,mutual_info_classif,mutual_info_sklearn,val_fixed_k,2,,1,1.0,1.0,1.0,0.0,0.0,0.9582609903465518,0.3831841670034919
linear_control_clf,linear,classification,MID,difference,mean,mutual_info_classif,mutual_info_sklearn,val_threshold,3,0.0,1,0.6666666666666666,1.0,0.8,0.0,0.3333333333333333,0.9582609903465518,0.38354162595351227
linear_control_clf,linear,classification,MIQ,quotient,mean,mutual_info_classif,mutual_info_sklearn,val_fixed_k,5,,1,0.4,1.0,0.5714285714285715,0.0,0.4,0.9624626710188208,0.387513081979705
linear_control_clf,linear,classification,MIQ,quotient,mean,mutual_info_classif,mutual_info_sklearn,val_threshold,5,0.1,1,0.4,1.0,0.5714285714285715,0.0,0.4,0.9624626710188208,0.39988683300907724
linear_control_clf,linear,classification,MIFS,difference,sum,mutual_info_classif,mutual_info_sklearn,val_fixed_k,2,,1,1.0,1.0,1.0,0.0,0.0,0.9582609903465518,0.4012319989851676
linear_control_clf,linear,classification,MIFS,difference,sum,mutual_info_classif,mutual_info_sklearn,val_threshold,3,0.0,1,0.6666666666666666,1.0,0.8,0.0,0.3333333333333333,0.9582609903465518,0.38536741700954735
linear_control_clf,linear,classification,FCD,difference,mean,f_classif,pearson_abs,val_fixed_k,5,,1,0.4,1.0,0.5714285714285715,0.0,0.4,0.962532120286131,0.15872166797635145
linear_control_clf,linear,classification,FCD,difference,mean,f_classif,pearson_abs,val_threshold,7,0.1,1,0.2857142857142857,1.0,0.4444444444444445,0.0,0.5714285714285714,0.9665949024237794,0.17711383299320005
linear_control_clf,linear,classification,FCQ,quotient,mean,f_classif,pearson_abs,val_fixed_k,5,,1,0.4,1.0,0.5714285714285715,0.0,0.4,0.9624626710188208,0.15910349995829165
linear_control_clf,linear,classification,FCQ,quotient,mean,f_classif,pearson_abs,val_threshold,8,0.1,1,0.25,1.0,0.4,0.0,0.625,0.962532120286131,0.18228687602095306
linear_control_clf,linear,classification,ModMRMR,multiplicative,max,f_classif,pearson_abs,val_fixed_k,5,,1,0.4,1.0,0.5714285714285715,0.0,0.6,0.9541287589415932,0.1607950430479832
linear_control_clf,linear,classification,ModMRMR,multiplicative,max,f_classif,pearson_abs,val_threshold,8,0.0,1,0.25,1.0,0.4,0.0,0.625,0.9624626710188208,0.18176429098821245
linear_control_clf,linear,classification,ModMRMR_dcor,multiplicative,max,f_classif,distance_corr,val_fixed_k,5,,1,0.4,1.0,0.5714285714285715,0.0,0.6,0.9541287589415932,0.1804921249859035
linear_control_clf,linear,classification,ModMRMR_dcor,multiplicative,max,f_classif,distance_corr,val_threshold,8,0.0,1,0.25,1.0,0.4,0.0,0.625,0.9624626710188208,0.2008282899914775
linear_control_clf,linear,classification,skb_f,,,,,val_fixed_k,5,,1,0.4,1.0,0.5714285714285715,0.0,0.4,0.9582609903465518,0.1267371669819113
linear_control_clf,linear,classification,skb_mi,,,,,val_fixed_k,5,,1,0.4,1.0,0.5714285714285715,0.0,0.4,0.9540593096742829,0.14820525000686757
linear_control_clf,linear,classification,MID,difference,mean,mutual_info_classif,mutual_info_sklearn,val_fixed_k,5,,2,0.2,0.5,0.28571428571428575,0.0,0.6,0.9207931106326828,0.38625929201953113
linear_control_clf,linear,classification,MID,difference,mean,mutual_info_classif,mutual_info_sklearn,val_threshold,4,0.0,2,0.25,0.5,0.3333333333333333,0.0,0.5,0.9249947913049518,0.38398983198567294
linear_control_clf,linear,classification,MIQ,quotient,mean,mutual_info_classif,mutual_info_sklearn,val_fixed_k,5,,2,0.2,0.5,0.28571428571428575,0.0,0.6,0.9331898048475589,0.40161674897535704
linear_control_clf,linear,classification,MIQ,quotient,mean,mutual_info_classif,mutual_info_sklearn,val_threshold,6,0.1,2,0.3333333333333333,1.0,0.5,0.0,0.5,0.9247864435030211,0.4005706239840947
linear_control_clf,linear,classification,MIFS,difference,sum,mutual_info_classif,mutual_info_sklearn,val_fixed_k,5,,2,0.2,0.5,0.28571428571428575,0.0,0.6,0.9291964719772207,0.38718470896128565
linear_control_clf,linear,classification,MIFS,difference,sum,mutual_info_classif,mutual_info_sklearn,val_threshold,3,0.0,2,0.3333333333333333,0.5,0.4,0.0,0.3333333333333333,0.9165219806931038,0.3825522099796217
linear_control_clf,linear,classification,FCD,difference,mean,f_classif,pearson_abs,val_fixed_k,5,,2,0.4,1.0,0.5714285714285715,0.0,0.4,0.9292659212445309,0.15881487398291938
linear_control_clf,linear,classification,FCD,difference,mean,f_classif,pearson_abs,val_threshold,7,0.1,2,0.2857142857142857,1.0,0.4444444444444445,0.0,0.5714285714285714,0.912389749288145,0.17690112499985844
linear_control_clf,linear,classification,FCQ,quotient,mean,f_classif,pearson_abs,val_fixed_k,5,,2,0.4,1.0,0.5714285714285715,0.0,0.4,0.9292659212445309,0.16054087501834147
linear_control_clf,linear,classification,FCQ,quotient,mean,f_classif,pearson_abs,val_threshold,8,0.1,2,0.25,1.0,0.4,0.0,0.625,0.9290575734426001,0.1800766659725923
linear_control_clf,linear,classification,ModMRMR,multiplicative,max,f_classif,pearson_abs,val_fixed_k,5,,2,0.4,1.0,0.5714285714285715,0.0,0.6,0.9249947913049518,0.16130629199324176
linear_control_clf,linear,classification,ModMRMR,multiplicative,max,f_classif,pearson_abs,val_threshold,7,0.1,2,0.2857142857142857,1.0,0.4444444444444445,0.0,0.5714285714285714,0.9166608792277242,0.182626250985777
linear_control_clf,linear,classification,ModMRMR_dcor,multiplicative,max,f_classif,distance_corr,val_fixed_k,5,,2,0.4,1.0,0.5714285714285715,0.0,0.6,0.9249947913049518,0.17917066600057296
linear_control_clf,linear,classification,ModMRMR_dcor,multiplicative,max,f_classif,distance_corr,val_threshold,7,0.1,2,0.2857142857142857,1.0,0.4444444444444445,0.0,0.5714285714285714,0.9166608792277242,0.20086016599088907
linear_control_clf,linear,classification,skb_f,,,,,val_fixed_k,5,,2,0.4,1.0,0.5714285714285715,0.0,0.4,0.9334676019167998,0.12533575200359337
linear_control_clf,linear,classification,skb_mi,,,,,val_fixed_k,5,,2,0.4,1.0,0.5714285714285715,0.0,0.4,0.9416626154594069,0.15080383297754452
linear_control_reg,linear,regression,MID,difference,mean,mutual_info_sklearn,mutual_info_sklearn,val_fixed_k,2,,0,1.0,1.0,1.0,0.0,0.0,0.970996297581835,0.41349804200581275
linear_control_reg,linear,regression,MID,difference,mean,mutual_info_sklearn,mutual_info_sklearn,val_threshold,2,0.1,0,1.0,1.0,1.0,0.0,0.0,0.970996297581835,0.40059391799150035
linear_control_reg,linear,regression,MIQ,quotient,mean,mutual_info_sklearn,mutual_info_sklearn,val_fixed_k,2,,0,1.0,1.0,1.0,0.0,0.0,0.970996297581835,0.4032627489650622
linear_control_reg,linear,regression,MIQ,quotient,mean,mutual_info_sklearn,mutual_info_sklearn,val_threshold,3,0.1,0,0.6666666666666666,1.0,0.8,0.0,0.0,0.970399659777252,0.4491004569863435
linear_control_reg,linear,regression,MIFS,difference,sum,mutual_info_sklearn,mutual_info_sklearn,val_fixed_k,2,,0,1.0,1.0,1.0,0.0,0.0,0.970996297581835,0.401510249968851
linear_control_reg,linear,regression,MIFS,difference,sum,mutual_info_sklearn,mutual_info_sklearn,val_threshold,2,0.1,0,1.0,1.0,1.0,0.0,0.0,0.970996297581835,0.401847667992115
linear_control_reg,linear,regression,FCD,difference,mean,f_regression,pearson_abs,val_fixed_k,5,,0,0.4,1.0,0.5714285714285715,0.0,0.4,0.968207946873343,0.17123024899046868
linear_control_reg,linear,regression,FCD,difference,mean,f_regression,pearson_abs,val_threshold,7,0.1,0,0.2857142857142857,1.0,0.4444444444444445,0.0,0.5714285714285714,0.9666426369023045,0.2423154179705307
linear_control_reg,linear,regression,FCQ,quotient,mean,f_regression,pearson_abs,val_fixed_k,2,,0,1.0,1.0,1.0,0.0,0.0,0.970996297581835,0.16965233397786506
linear_control_reg,linear,regression,FCQ,quotient,mean,f_regression,pearson_abs,val_threshold,8,0.1,0,0.25,1.0,0.4,0.0,0.625,0.9660611820860454,0.2575363760115579
linear_control_reg,linear,regression,ModMRMR,multiplicative,max,f_regression,pearson_abs,val_fixed_k,2,,0,1.0,1.0,1.0,0.0,0.0,0.970996297581835,0.16791291502886452
linear_control_reg,linear,regression,ModMRMR,multiplicative,max,f_regression,pearson_abs,val_threshold,8,0.1,0,0.25,1.0,0.4,0.0,0.625,0.9654737080506698,0.24813370799529366
linear_control_reg,linear,regression,ModMRMR_dcor,multiplicative,max,f_regression,distance_corr,val_fixed_k,2,,0,1.0,1.0,1.0,0.0,0.0,0.970996297581835,0.18688937500701286
linear_control_reg,linear,regression,ModMRMR_dcor,multiplicative,max,f_regression,distance_corr,val_threshold,7,0.1,0,0.2857142857142857,1.0,0.4444444444444445,0.0,0.5714285714285714,0.9669798874560723,0.2676488760043867
linear_control_reg,linear,regression,skb_f,,,,,val_fixed_k,5,,0,0.4,1.0,0.5714285714285715,0.0,0.4,0.9677852807621802,0.13523758397786878
linear_control_reg,linear,regression,skb_mi,,,,,val_fixed_k,5,,0,0.4,1.0,0.5714285714285715,0.0,0.4,0.968329375441367,0.15943383402191103
linear_control_reg,linear,regression,MID,difference,mean,mutual_info_sklearn,mutual_info_sklearn,val_fixed_k,2,,1,0.5,0.5,0.5,0.0,0.0,0.9783391615151668,0.4066077919851523
linear_control_reg,linear,regression,MID,difference,mean,mutual_info_sklearn,mutual_info_sklearn,val_threshold,2,0.1,1,0.5,0.5,0.5,0.0,0.0,0.9783391615151668,0.40609074899111874
linear_control_reg,linear,regression,MIQ,quotient,mean,mutual_info_sklearn,mutual_info_sklearn,val_fixed_k,5,,1,0.4,1.0,0.5714285714285715,0.0,0.4,0.9794877952696526,0.40673175000119954
linear_control_reg,linear,regression,MIQ,quotient,mean,mutual_info_sklearn,mutual_info_sklearn,val_threshold,5,0.1,1,0.4,1.0,0.5714285714285715,0.0,0.4,0.9794877952696526,0.4710629999754019
linear_control_reg,linear,regression,MIFS,difference,sum,mutual_info_sklearn,mutual_info_sklearn,val_fixed_k,2,,1,0.5,0.5,0.5,0.0,0.0,0.9783391615151668,0.40390420996118337
linear_control_reg,linear,regression,MIFS,difference,sum,mutual_info_sklearn,mutual_info_sklearn,val_threshold,2,0.1,1,0.5,0.5,0.5,0.0,0.0,0.9783391615151668,0.4057626250141766
linear_control_reg,linear,regression,FCD,difference,mean,f_regression,pearson_abs,val_fixed_k,5,,1,0.4,1.0,0.5714285714285715,0.0,0.4,0.9795016561909691,0.16990108400932513
linear_control_reg,linear,regression,FCD,difference,mean,f_regression,pearson_abs,val_threshold,8,0.1,1,0.25,1.0,0.4,0.0,0.625,0.977460187092072,0.255619708012091
linear_control_reg,linear,regression,FCQ,quotient,mean,f_regression,pearson_abs,val_fixed_k,2,,1,1.0,1.0,1.0,0.0,0.0,0.9812114599106667,0.1696207079803571
linear_control_reg,linear,regression,FCQ,quotient,mean,f_regression,pearson_abs,val_threshold,8,0.1,1,0.25,1.0,0.4,0.0,0.625,0.9774059629679311,0.25897129098302685
linear_control_reg,linear,regression,ModMRMR,multiplicative,max,f_regression,pearson_abs,val_fixed_k,2,,1,1.0,1.0,1.0,0.0,0.0,0.9812114599106667,0.16989216703223065
linear_control_reg,linear,regression,ModMRMR,multiplicative,max,f_regression,pearson_abs,val_threshold,8,0.1,1,0.25,1.0,0.4,0.0,0.625,0.9778526447561289,0.2566503750276752
linear_control_reg,linear,regression,ModMRMR_dcor,multiplicative,max,f_regression,distance_corr,val_fixed_k,2,,1,1.0,1.0,1.0,0.0,0.0,0.9812114599106667,0.20809991596615873
linear_control_reg,linear,regression,ModMRMR_dcor,multiplicative,max,f_regression,distance_corr,val_threshold,8,0.1,1,0.25,1.0,0.4,0.0,0.625,0.9776902333948407,0.2730831239896361
linear_control_reg,linear,regression,skb_f,,,,,val_fixed_k,5,,1,0.4,1.0,0.5714285714285715,0.0,0.4,0.9794507799288059,0.1355886250094045
linear_control_reg,linear,regression,skb_mi,,,,,val_fixed_k,5,,1,0.4,1.0,0.5714285714285715,0.0,0.4,0.9799932846070333,0.15944224898703396
linear_control_reg,linear,regression,MID,difference,mean,mutual_info_sklearn,mutual_info_sklearn,val_fixed_k,2,,2,1.0,1.0,1.0,0.0,0.0,0.9763339184702583,0.40229537498089485
linear_control_reg,linear,regression,MID,difference,mean,mutual_info_sklearn,mutual_info_sklearn,val_threshold,2,0.1,2,1.0,1.0,1.0,0.0,0.0,0.9763339184702583,0.4072372090013232
linear_control_reg,linear,regression,MIQ,quotient,mean,mutual_info_sklearn,mutual_info_sklearn,val_fixed_k,2,,2,1.0,1.0,1.0,0.0,0.0,0.9763339184702583,0.4015281669853721
linear_control_reg,linear,regression,MIQ,quotient,mean,mutual_info_sklearn,mutual_info_sklearn,val_threshold,6,0.1,2,0.3333333333333333,1.0,0.5,0.0,0.5,0.976096346516999,0.4609585839789361
linear_control_reg,linear,regression,MIFS,difference,sum,mutual_info_sklearn,mutual_info_sklearn,val_fixed_k,2,,2,1.0,1.0,1.0,0.0,0.0,0.9763339184702583,0.4094666250166483
linear_control_reg,linear,regression,MIFS,difference,sum,mutual_info_sklearn,mutual_info_sklearn,val_threshold,2,0.1,2,1.0,1.0,1.0,0.0,0.0,0.9763339184702583,0.4070130829932168
linear_control_reg,linear,regression,FCD,difference,mean,f_regression,pearson_abs,val_fixed_k,5,,2,0.4,1.0,0.5714285714285715,0.0,0.4,0.9751318642071675,0.1689971260202583
linear_control_reg,linear,regression,FCD,difference,mean,f_regression,pearson_abs,val_threshold,7,0.1,2,0.2857142857142857,1.0,0.4444444444444445,0.0,0.5714285714285714,0.974760383950657,0.2536440830153879
linear_control_reg,linear,regression,FCQ,quotient,mean,f_regression,pearson_abs,val_fixed_k,2,,2,1.0,1.0,1.0,0.0,0.0,0.9763339184702583,0.16942262602970004
linear_control_reg,linear,regression,FCQ,quotient,mean,f_regression,pearson_abs,val_threshold,7,0.1,2,0.2857142857142857,1.0,0.4444444444444445,0.0,0.5714285714285714,0.9747520528258198,0.2572219579888042
linear_control_reg,linear,regression,ModMRMR,multiplicative,max,f_regression,pearson_abs,val_fixed_k,2,,2,1.0,1.0,1.0,0.0,0.0,0.9763339184702583,0.16980962399975397
linear_control_reg,linear,regression,ModMRMR,multiplicative,max,f_regression,pearson_abs,val_threshold,7,0.1,2,0.2857142857142857,1.0,0.4444444444444445,0.0,0.5714285714285714,0.9751004747990334,0.256069832976209
linear_control_reg,linear,regression,ModMRMR_dcor,multiplicative,max,f_regression,distance_corr,val_fixed_k,2,,2,1.0,1.0,1.0,0.0,0.0,0.9763339184702583,0.18863762498949654
linear_control_reg,linear,regression,ModMRMR_dcor,multiplicative,max,f_regression,distance_corr,val_threshold,7,0.1,2,0.2857142857142857,1.0,0.4444444444444445,0.0,0.5714285714285714,0.9752981984413311,0.2726328319986351
linear_control_reg,linear,regression,skb_f,,,,,val_fixed_k,5,,2,0.4,1.0,0.5714285714285715,0.0,0.4,0.9753225675256438,0.13490883202757686
linear_control_reg,linear,regression,skb_mi,,,,,val_fixed_k,5,,2,0.4,1.0,0.5714285714285715,0.0,0.4,0.9761250100601644,0.1602593749994412
mixed,mixed,classification,MID,difference,mean,mutual_info_classif,mutual_info_sklearn,val_fixed_k,2,,0,0.5,0.5,0.5,0.0,0.0,0.945,0.4545484579866752
mixed,mixed,classification,MID,difference,mean,mutual_info_classif,mutual_info_sklearn,val_threshold,2,0.1,0,0.5,0.5,0.5,0.0,0.0,0.945,0.4621867499954533
mixed,mixed,classification,MIQ,quotient,mean,mutual_info_classif,mutual_info_sklearn,val_fixed_k,2,,0,0.5,0.5,0.5,0.0,0.0,0.945,0.45094262599013746
mixed,mixed,classification,MIQ,quotient,mean,mutual_info_classif,mutual_info_sklearn,val_threshold,8,0.1,0,0.25,1.0,0.4,0.0,0.5,0.9342857142857143,0.476746584958164
mixed,mixed,classification,MIFS,difference,sum,mutual_info_classif,mutual_info_sklearn,val_fixed_k,2,,0,0.5,0.5,0.5,0.0,0.0,0.945,0.4521372100280132
mixed,mixed,classification,MIFS,difference,sum,mutual_info_classif,mutual_info_sklearn,val_threshold,2,0.1,0,0.5,0.5,0.5,0.0,0.0,0.945,0.4479614990123082
mixed,mixed,classification,FCD,difference,mean,f_classif,pearson_abs,val_fixed_k,5,,0,0.2,0.5,0.28571428571428575,0.0,0.4,0.94,0.17031445700558834
mixed,mixed,classification,FCD,difference,mean,f_classif,pearson_abs,val_threshold,8,0.1,0,0.25,1.0,0.4,0.0,0.5,0.9242857142857144,0.1901183339941781
mixed,mixed,classification,FCQ,quotient,mean,f_classif,pearson_abs,val_fixed_k,2,,0,0.0,0.0,0.0,0.0,0.0,0.9442857142857143,0.1676445819903165
mixed,mixed,classification,FCQ,quotient,mean,f_classif,pearson_abs,val_threshold,9,0.1,0,0.2222222222222222,1.0,0.3636363636363636,0.0,0.5555555555555556,0.9378571428571428,0.2011751239770092
mixed,mixed,classification,ModMRMR,multiplicative,max,f_classif,pearson_abs,val_fixed_k,2,,0,0.0,0.0,0.0,0.0,0.0,0.9442857142857143,0.16935354098677635
mixed,mixed,classification,ModMRMR,multiplicative,max,f_classif,pearson_abs,val_threshold,9,0.0,0,0.2222222222222222,1.0,0.3636363636363636,0.0,0.5555555555555556,0.9328571428571428,0.1964887490030378
mixed,mixed,classification,ModMRMR_dcor,multiplicative,max,f_classif,distance_corr,val_fixed_k,2,,0,0.0,0.0,0.0,0.0,0.0,0.9442857142857143,0.1929538329713978
mixed,mixed,classification,ModMRMR_dcor,multiplicative,max,f_classif,distance_corr,val_threshold,9,0.0,0,0.2222222222222222,1.0,0.3636363636363636,0.0,0.5555555555555556,0.9428571428571428,0.22306387696880847
mixed,mixed,classification,skb_f,,,,,val_fixed_k,5,,0,0.2,0.5,0.28571428571428575,0.0,0.4,0.9414285714285714,0.1282887919805944
mixed,mixed,classification,skb_mi,,,,,val_fixed_k,5,,0,0.4,1.0,0.5714285714285715,0.0,0.2,0.9364285714285714,0.15614174999063835
mixed,mixed,classification,MID,difference,mean,mutual_info_classif,mutual_info_sklearn,val_fixed_k,2,,1,0.5,0.5,0.5,0.0,0.0,0.91,0.4560262919694651
mixed,mixed,classification,MID,difference,mean,mutual_info_classif,mutual_info_sklearn,val_threshold,2,0.1,1,0.5,0.5,0.5,0.0,0.0,0.91,0.45430862403009087
mixed,mixed,classification,MIQ,quotient,mean,mutual_info_classif,mutual_info_sklearn,val_fixed_k,2,,1,0.5,0.5,0.5,0.0,0.0,0.91,0.4531089999654796
mixed,mixed,classification,MIQ,quotient,mean,mutual_info_classif,mutual_info_sklearn,val_threshold,9,0.0,1,0.2222222222222222,1.0,0.3636363636363636,0.0,0.5555555555555556,0.9307142857142856,0.4821429579751566
mixed,mixed,classification,MIFS,difference,sum,mutual_info_classif,mutual_info_sklearn,val_fixed_k,2,,1,0.5,0.5,0.5,0.0,0.0,0.91,0.4759560819657054
mixed,mixed,classification,MIFS,difference,sum,mutual_info_classif,mutual_info_sklearn,val_threshold,2,0.1,1,0.5,0.5,0.5,0.0,0.0,0.91,0.4828321250388399
mixed,mixed,classification,FCD,difference,mean,f_classif,pearson_abs,val_fixed_k,5,,1,0.4,1.0,0.5714285714285715,0.0,0.2,0.9185714285714286,0.17060641798889264
mixed,mixed,classification,FCD,difference,mean,f_classif,pearson_abs,val_threshold,6,0.1,1,0.3333333333333333,1.0,0.5,0.0,0.3333333333333333,0.925,0.1852565839944873
mixed,mixed,classification,FCQ,quotient,mean,f_classif,pearson_abs,val_fixed_k,5,,1,0.4,1.0,0.5714285714285715,0.0,0.2,0.9199999999999999,0.1686672090436332
mixed,mixed,classification,FCQ,quotient,mean,f_classif,pearson_abs,val_threshold,9,0.1,1,0.2222222222222222,1.0,0.3636363636363636,0.0,0.5555555555555556,0.9221428571428572,0.20290787497651763
mixed,mixed,classification,ModMRMR,multiplicative,max,f_classif,pearson_abs,val_fixed_k,5,,1,0.2,0.5,0.28571428571428575,0.0,0.4,0.9221428571428572,0.1720437929907348
mixed,mixed,classification,ModMRMR,multiplicative,max,f_classif,pearson_abs,val_threshold,7,0.1,1,0.2857142857142857,1.0,0.4444444444444445,0.0,0.42857142857142855,0.9357142857142857,0.19155850002425723
mixed,mixed,classification,ModMRMR_dcor,multiplicative,max,f_classif,distance_corr,val_fixed_k,5,,1,0.4,1.0,0.5714285714285715,0.0,0.2,0.9185714285714286,0.19249162398045883
mixed,mixed,classification,ModMRMR_dcor,multiplicative,max,f_classif,distance_corr,val_threshold,7,0.1,1,0.2857142857142857,1.0,0.4444444444444445,0.0,0.42857142857142855,0.927142857142857,0.21539674999075942
mixed,mixed,classification,skb_f,,,,,val_fixed_k,5,,1,0.4,1.0,0.5714285714285715,0.0,0.2,0.9135714285714286,0.13662433400168084
mixed,mixed,classification,skb_mi,,,,,val_fixed_k,2,,1,0.0,0.0,0.0,0.0,0.0,0.927142857142857,0.16300920900539495
mixed,mixed,classification,MID,difference,mean,mutual_info_classif,mutual_info_sklearn,val_fixed_k,5,,2,0.0,0.0,0.0,0.0,0.6,0.8957142857142857,0.47848133399384096
mixed,mixed,classification,MID,difference,mean,mutual_info_classif,mutual_info_sklearn,val_threshold,4,0.0,2,0.0,0.0,0.0,0.0,0.5,0.8928571428571428,0.45848783195833676
mixed,mixed,classification,MIQ,quotient,mean,mutual_info_classif,mutual_info_sklearn,val_fixed_k,2,,2,0.0,0.0,0.0,0.0,0.0,0.8807142857142858,0.46879912505391985
mixed,mixed,classification,MIQ,quotient,mean,mutual_info_classif,mutual_info_sklearn,val_threshold,6,0.1,2,0.3333333333333333,1.0,0.5,0.0,0.3333333333333333,0.9021428571428571,0.484012916975189
mixed,mixed,classification,MIFS,difference,sum,mutual_info_classif,mutual_info_sklearn,val_fixed_k,5,,2,0.0,0.0,0.0,0.0,0.6,0.8835714285714286,0.4687990430102218
mixed,mixed,classification,MIFS,difference,sum,mutual_info_classif,mutual_info_sklearn,val_threshold,2,0.0,2,0.0,0.0,0.0,0.0,0.0,0.8807142857142858,0.478195167001104
mixed,mixed,classification,FCD,difference,mean,f_classif,pearson_abs,val_fixed_k,2,,2,0.5,0.5,0.5,0.0,0.0,0.6978571428571428,0.1687934580259025
mixed,mixed,classification,FCD,difference,mean,f_classif,pearson_abs,val_threshold,6,0.05,2,0.3333333333333333,1.0,0.5,0.0,0.3333333333333333,0.895,0.1852031260204967
mixed,mixed,classification,FCQ,quotient,mean,f_classif,pearson_abs,val_fixed_k,2,,2,0.0,0.0,0.0,0.0,0.0,0.8807142857142858,0.1699488739541266
mixed,mixed,classification,FCQ,quotient,mean,f_classif,pearson_abs,val_threshold,9,0.1,2,0.2222222222222222,1.0,0.3636363636363636,0.0,0.5555555555555556,0.9035714285714286,0.20120454099378549
mixed,mixed,classification,ModMRMR,multiplicative,max,f_classif,pearson_abs,val_fixed_k,2,,2,0.0,0.0,0.0,0.0,0.0,0.8807142857142858,0.16882462403737009
mixed,mixed,classification,ModMRMR,multiplicative,max,f_classif,pearson_abs,val_threshold,9,0.0,2,0.2222222222222222,1.0,0.3636363636363636,0.0,0.5555555555555556,0.9,0.20104562601773068
mixed,mixed,classification,ModMRMR_dcor,multiplicative,max,f_classif,distance_corr,val_fixed_k,2,,2,0.0,0.0,0.0,0.0,0.0,0.8807142857142858,0.19900983397383243
mixed,mixed,classification,ModMRMR_dcor,multiplicative,max,f_classif,distance_corr,val_threshold,9,0.0,2,0.2222222222222222,1.0,0.3636363636363636,0.0,0.5555555555555556,0.9,0.21708975100773387
mixed,mixed,classification,skb_f,,,,,val_fixed_k,2,,2,0.5,0.5,0.5,0.0,0.0,0.6892857142857143,0.12573762502870522
mixed,mixed,classification,skb_mi,,,,,val_fixed_k,5,,2,0.4,1.0,0.5714285714285715,0.0,0.2,0.895,0.15587625003536232
xor,nonlinear,classification,MID,difference,mean,mutual_info_classif,mutual_info_sklearn,val_fixed_k,2,,0,0.5,0.5,0.5,0.0,0.5,0.47571597798062853,0.4080177930300124
xor,nonlinear,classification,MID,difference,mean,mutual_info_classif,mutual_info_sklearn,val_threshold,1,0.1,0,0.0,0.0,0.0,0.0,1.0,0.46780712145495085,0.4171426249668002
xor,nonlinear,classification,MIQ,quotient,mean,mutual_info_classif,mutual_info_sklearn,val_fixed_k,2,,0,0.5,0.5,0.5,0.0,0.5,0.47571597798062853,0.4205280829628464
xor,nonlinear,classification,MIQ,quotient,mean,mutual_info_classif,mutual_info_sklearn,val_threshold,8,0.0,0,0.25,1.0,0.4,0.0,0.75,0.9823008849557522,0.4146303739398718
xor,nonlinear,classification,MIFS,difference,sum,mutual_info_classif,mutual_info_sklearn,val_fixed_k,2,,0,0.5,0.5,0.5,0.0,0.5,0.47571597798062853,0.4151786250004079
xor,nonlinear,classification,MIFS,difference,sum,mutual_info_classif,mutual_info_sklearn,val_threshold,1,0.1,0,0.0,0.0,0.0,0.0,1.0,0.46780712145495085,0.4111137079598848
xor,nonlinear,classification,FCD,difference,mean,f_classif,pearson_abs,val_fixed_k,1,,0,1.0,0.5,0.6666666666666666,0.0,0.0,0.5007316563305693,0.18379754101624712
xor,nonlinear,classification,FCD,difference,mean,f_classif,pearson_abs,val_threshold,3,0.1,0,0.6666666666666666,1.0,0.8,0.0,0.3333333333333333,0.9916382133649223,0.20189420803217217
xor,nonlinear,classification,FCQ,quotient,mean,f_classif,pearson_abs,val_fixed_k,1,,0,1.0,0.5,0.6666666666666666,0.0,0.0,0.5007316563305693,0.1778921660152264
xor,nonlinear,classification,FCQ,quotient,mean,f_classif,pearson_abs,val_threshold,7,0.1,0,0.2857142857142857,1.0,0.4444444444444445,0.0,0.7142857142857143,0.9921259842519685,0.20173116601654328
xor,nonlinear,classification,ModMRMR,multiplicative,max,f_classif,pearson_abs,val_fixed_k,1,,0,1.0,0.5,0.6666666666666666,0.0,0.0,0.5007316563305693,0.18067175001488067
xor,nonlinear,classification,ModMRMR,multiplicative,max,f_classif,pearson_abs,val_threshold,8,0.0,0,0.25,1.0,0.4,0.0,0.75,0.9744268692077207,0.2033088750031311
xor,nonlinear,classification,ModMRMR_dcor,multiplicative,max,f_classif,distance_corr,val_fixed_k,1,,0,1.0,0.5,0.6666666666666666,0.0,0.0,0.5007316563305693,0.1996599160193
xor,nonlinear,classification,ModMRMR_dcor,multiplicative,max,f_classif,distance_corr,val_threshold,8,0.0,0,0.25,1.0,0.4,0.0,0.75,0.9744268692077207,0.22423503999016248
xor,nonlinear,classification,skb_f,,,,,val_fixed_k,1,,0,1.0,0.5,0.6666666666666666,0.0,0.0,0.5007316563305693,0.15158150100614876
xor,nonlinear,classification,skb_mi,,,,,val_fixed_k,2,,0,0.5,0.5,0.5,0.0,0.5,0.45209393073653403,0.17377045698231086
xor,nonlinear,classification,MID,difference,mean,mutual_info_classif,mutual_info_sklearn,val_fixed_k,5,,1,0.4,1.0,0.5714285714285715,0.0,0.6,0.9960629921259843,0.41481870799907483
xor,nonlinear,classification,MID,difference,mean,mutual_info_classif,mutual_info_sklearn,val_threshold,3,0.0,1,0.3333333333333333,0.5,0.4,0.0,0.6666666666666666,0.47028081666782806,0.40758091598399915
xor,nonlinear,classification,MIQ,quotient,mean,mutual_info_classif,mutual_info_sklearn,val_fixed_k,5,,1,0.2,0.5,0.28571428571428575,0.0,0.8,0.45258170162358025,0.42449737596325576
xor,nonlinear,classification,MIQ,quotient,mean,mutual_info_classif,mutual_info_sklearn,val_threshold,8,0.0,1,0.25,1.0,0.4,0.0,0.75,0.9700020904466589,0.426713374996325
xor,nonlinear,classification,MIFS,difference,sum,mutual_info_classif,mutual_info_sklearn,val_fixed_k,5,,1,0.4,1.0,0.5714285714285715,0.0,0.6,0.9960629921259843,0.44246712600579485
xor,nonlinear,classification,MIFS,difference,sum,mutual_info_classif,mutual_info_sklearn,val_threshold,3,0.0,1,0.3333333333333333,0.5,0.4,0.0,0.6666666666666666,0.47028081666782806,0.43175033503212035
xor,nonlinear,classification,FCD,difference,mean,f_classif,pearson_abs,val_fixed_k,2,,1,0.5,0.5,0.5,0.0,0.5,0.5076301303045083,0.18341454298933968
xor,nonlinear,classification,FCD,difference,mean,f_classif,pearson_abs,val_threshold,6,0.05,1,0.3333333333333333,1.0,0.5,0.0,0.6666666666666666,0.995575221238938,0.19082037496264093
xor,nonlinear,classification,FCQ,quotient,mean,f_classif,pearson_abs,val_fixed_k,2,,1,0.5,0.5,0.5,0.0,0.5,0.4338722040275939,0.1855165819870308
xor,nonlinear,classification,FCQ,quotient,mean,f_classif,pearson_abs,val_threshold,8,0.05,1,0.25,1.0,0.4,0.0,0.75,0.9212946832973312,0.20320291799725965
xor,nonlinear,classification,ModMRMR,multiplicative,max,f_classif,pearson_abs,val_fixed_k,2,,1,0.5,0.5,0.5,0.0,0.5,0.5076301303045083,0.1859380840032827
xor,nonlinear,classification,ModMRMR,multiplicative,max,f_classif,pearson_abs,val_threshold,8,0.0,1,0.25,1.0,0.4,0.0,0.75,0.9655773116855968,0.20241937501123175
xor,nonlinear,classification,ModMRMR_dcor,multiplicative,max,f_classif,distance_corr,val_fixed_k,2,,1,0.5,0.5,0.5,0.0,0.5,0.5076301303045083,0.2011891669826582
xor,nonlinear,classification,ModMRMR_dcor,multiplicative,max,f_classif,distance_corr,val_threshold,8,0.0,1,0.25,1.0,0.4,0.0,0.75,0.9655773116855968,0.22494004198233597
xor,nonlinear,classification,skb_f,,,,,val_fixed_k,2,,1,0.5,0.5,0.5,0.0,0.5,0.48501846561215245,0.15318104103789665
xor,nonlinear,classification,skb_mi,,,,,val_fixed_k,5,,1,0.2,0.5,0.28571428571428575,0.0,0.8,0.4245348756184238,0.17371670898864977
xor,nonlinear,classification,MID,difference,mean,mutual_info_classif,mutual_info_sklearn,val_fixed_k,5,,2,0.2,0.5,0.28571428571428575,0.0,0.8,0.4909413978119992,0.41967025102349
xor,nonlinear,classification,MID,difference,mean,mutual_info_classif,mutual_info_sklearn,val_threshold,4,0.0,2,0.0,0.0,0.0,0.0,1.0,0.4432443732144101,0.4140677070245147
xor,nonlinear,classification,MIQ,quotient,mean,mutual_info_classif,mutual_info_sklearn,val_fixed_k,5,,2,0.2,0.5,0.28571428571428575,0.0,0.8,0.4934150930248763,0.41638620902085677
xor,nonlinear,classification,MIQ,quotient,mean,mutual_info_classif,mutual_info_sklearn,val_threshold,8,0.0,2,0.25,1.0,0.4,0.0,0.75,0.9193435997491464,0.42862104199593887
xor,nonlinear,classification,MIFS,difference,sum,mutual_info_classif,mutual_info_sklearn,val_fixed_k,5,,2,0.2,0.5,0.28571428571428575,0.0,0.8,0.4909413978119992,0.4174262910091784
xor,nonlinear,classification,MIFS,difference,sum,mutual_info_classif,mutual_info_sklearn,val_threshold,4,0.0,2,0.0,0.0,0.0,0.0,1.0,0.4432443732144101,0.4139885009790305
xor,nonlinear,classification,FCD,difference,mean,f_classif,pearson_abs,val_fixed_k,1,,2,0.0,0.0,0.0,0.0,1.0,0.5174552296007247,0.18340625098790042
xor,nonlinear,classification,FCD,difference,mean,f_classif,pearson_abs,val_threshold,8,0.1,2,0.25,1.0,0.4,0.0,0.75,0.9350916312452093,0.19522950096870773
xor,nonlinear,classification,FCQ,quotient,mean,f_classif,pearson_abs,val_fixed_k,1,,2,0.0,0.0,0.0,0.0,1.0,0.5174552296007247,0.1788313329743687
xor,nonlinear,classification,FCQ,quotient,mean,f_classif,pearson_abs,val_threshold,8,0.1,2,0.25,1.0,0.4,0.0,0.75,0.8991707894920216,0.20007829202222638
xor,nonlinear,classification,ModMRMR,multiplicative,max,f_classif,pearson_abs,val_fixed_k,1,,2,0.0,0.0,0.0,0.0,1.0,0.5174552296007247,0.17817916700732894
xor,nonlinear,classification,ModMRMR,multiplicative,max,f_classif,pearson_abs,val_threshold,8,0.0,2,0.25,1.0,0.4,0.0,0.75,0.9350916312452093,0.19942029303638265
xor,nonlinear,classification,ModMRMR_dcor,multiplicative,max,f_classif,distance_corr,val_fixed_k,1,,2,0.0,0.0,0.0,0.0,1.0,0.5174552296007247,0.19811029097763821
xor,nonlinear,classification,ModMRMR_dcor,multiplicative,max,f_classif,distance_corr,val_threshold,8,0.0,2,0.25,1.0,0.4,0.0,0.75,0.9350916312452093,0.21923787600826472
xor,nonlinear,classification,skb_f,,,,,val_fixed_k,1,,2,0.0,0.0,0.0,0.0,1.0,0.5174552296007247,0.14506408403394744
xor,nonlinear,classification,skb_mi,,,,,val_fixed_k,5,,2,0.2,0.5,0.28571428571428575,0.0,0.8,0.4176364016444847,0.16870929102879018
probe_breast_cancer,mixed,classification,MID,difference,mean,mutual_info_classif,mutual_info_sklearn,val_fixed_k,5,,0,0.8,0.13333333333333333,0.2285714285714286,0.0,0.2,0.9266209112149533,7.147311791020911
probe_breast_cancer,mixed,classification,MID,difference,mean,mutual_info_classif,mutual_info_sklearn,val_threshold,6,0.05,0,0.8333333333333334,0.16666666666666666,0.2777777777777778,0.0,0.16666666666666666,0.939106308411215,5.740124124975409
probe_breast_cancer,mixed,classification,MIQ,quotient,mean,mutual_info_classif,mutual_info_sklearn,val_fixed_k,10,,0,0.7,0.23333333333333334,0.35,0.0,0.3,0.9047897196261683,7.104197751003085
probe_breast_cancer,mixed,classification,MIQ,quotient,mean,mutual_info_classif,mutual_info_sklearn,val_threshold,34,0.1,0,0.8529411764705882,0.9666666666666667,0.90625,0.0,0.14705882352941177,0.9375730140186915,5.813770501990803
probe_breast_cancer,mixed,classification,MIFS,difference,sum,mutual_info_classif,mutual_info_sklearn,val_fixed_k,2,,0,1.0,0.06666666666666667,0.125,0.0,0.0,0.9001168224299065,7.079573749972042
probe_breast_cancer,mixed,classification,MIFS,difference,sum,mutual_info_classif,mutual_info_sklearn,val_threshold,3,0.05,0,1.0,0.1,0.18181818181818182,0.0,0.0,0.9282272196261683,5.673606416967232
probe_breast_cancer,mixed,classification,FCD,difference,mean,f_classif,pearson_abs,val_fixed_k,10,,0,1.0,0.3333333333333333,0.5,0.0,0.0,0.9297605140186915,1.0866908739844803
probe_breast_cancer,mixed,classification,FCD,difference,mean,f_classif,pearson_abs,val_threshold,35,0.1,0,0.7714285714285715,0.9,0.8307692307692307,0.0,0.22857142857142856,0.9375730140186915,0.9542519160022493
probe_breast_cancer,mixed,classification,FCQ,quotient,mean,f_classif,pearson_abs,val_fixed_k,5,,0,1.0,0.16666666666666666,0.2857142857142857,0.0,0.0,0.9172751168224299,1.0899536679498851
probe_breast_cancer,mixed,classification,FCQ,quotient,mean,f_classif,pearson_abs,val_threshold,37,0.1,0,0.7567567567567568,0.9333333333333333,0.835820895522388,0.0,0.24324324324324326,0.9422459112149533,0.9665929570037406
probe_breast_cancer,mixed,classification,ModMRMR,multiplicative,max,f_classif,pearson_abs,val_fixed_k,5,,0,1.0,0.16666666666666666,0.2857142857142857,0.0,0.0,0.9375730140186915,1.0869957910035737
probe_breast_cancer,mixed,classification,ModMRMR,multiplicative,max,f_classif,pearson_abs,val_threshold,35,0.1,0,0.7714285714285715,0.9,0.8307692307692307,0.0,0.22857142857142856,0.939106308411215,0.9624923349765595
probe_breast_cancer,mixed,classification,ModMRMR_dcor,multiplicative,max,f_classif,distance_corr,val_fixed_k,10,,0,1.0,0.3333333333333333,0.5,0.0,0.0,0.939106308411215,1.3067762090067845
probe_breast_cancer,mixed,classification,ModMRMR_dcor,multiplicative,max,f_classif,distance_corr,val_threshold,35,0.1,0,0.7714285714285715,0.9,0.8307692307692307,0.0,0.22857142857142856,0.9422459112149533,1.1628334580163937
probe_breast_cancer,mixed,classification,skb_f,,,,,val_fixed_k,10,,0,1.0,0.3333333333333333,0.5,0.0,0.0,0.9297605140186915,0.15574658301193267
probe_breast_cancer,mixed,classification,skb_mi,,,,,val_fixed_k,5,,0,1.0,0.16666666666666666,0.2857142857142857,0.0,0.0,0.9250876168224299,0.27552041597664356
probe_breast_cancer,mixed,classification,MID,difference,mean,mutual_info_classif,mutual_info_sklearn,val_fixed_k,10,,1,0.7,0.23333333333333334,0.35,0.0,0.3,0.9422459112149533,7.064921331999358
probe_breast_cancer,mixed,classification,MID,difference,mean,mutual_info_classif,mutual_info_sklearn,val_threshold,18,0.0,1,0.7222222222222222,0.43333333333333335,0.5416666666666666,0.0,0.2777777777777778,0.9375730140186915,5.759377165988553
probe_breast_cancer,mixed,classification,MIQ,quotient,mean,mutual_info_classif,mutual_info_sklearn,val_fixed_k,2,,1,0.5,0.03333333333333333,0.0625,0.0,0.5,0.8969772196261683,7.079024500009837
probe_breast_cancer,mixed,classification,MIQ,quotient,mean,mutual_info_classif,mutual_info_sklearn,val_threshold,38,0.1,1,0.7631578947368421,0.9666666666666667,0.8529411764705883,0.0,0.23684210526315788,0.9500584112149533,5.796364292007638
probe_breast_cancer,mixed,classification,MIFS,difference,sum,mutual_info_classif,mutual_info_sklearn,val_fixed_k,5,,1,0.6,0.1,0.17142857142857143,0.0,0.4,0.9219480140186915,7.100465248979162
probe_breast_cancer,mixed,classification,MIFS,difference,sum,mutual_info_classif,mutual_info_sklearn,val_threshold,3,0.0,1,1.0,0.1,0.18181818181818182,0.0,0.0,0.9297605140186915,5.700222459010547
probe_breast_cancer,mixed,classification,FCD,difference,mean,f_classif,pearson_abs,val_fixed_k,10,,1,1.0,0.3333333333333333,0.5,0.0,0.0,0.9329001168224299,1.094069167971611
probe_breast_cancer,mixed,classification,FCD,difference,mean,f_classif,pearson_abs,val_threshold,35,0.05,1,0.7714285714285715,0.9,0.8307692307692307,0.0,0.22857142857142856,0.954731308411215,0.9412576670001727
probe_breast_cancer,mixed,classification,FCQ,quotient,mean,f_classif,pearson_abs,val_fixed_k,10,,1,1.0,0.3333333333333333,0.5,0.0,0.0,0.9375730140186915,1.0866165829647798
probe_breast_cancer,mixed,classification,FCQ,quotient,mean,f_classif,pearson_abs,val_threshold,40,0.0,1,0.75,1.0,0.8571428571428571,0.0,0.25,0.9500584112149533,0.9687210819975007
probe_breast_cancer,mixed,classification,ModMRMR,multiplicative,max,f_classif,pearson_abs,val_fixed_k,5,,1,1.0,0.16666666666666666,0.2857142857142857,0.0,0.0,0.9453855140186915,1.0857309590210207
probe_breast_cancer,mixed,classification,ModMRMR,multiplicative,max,f_classif,pearson_abs,val_threshold,33,0.1,1,0.8181818181818182,0.9,0.8571428571428572,0.0,0.18181818181818182,0.9500584112149533,0.9681410410266835
probe_breast_cancer,mixed,classification,ModMRMR_dcor,multiplicative,max,f_classif,distance_corr,val_fixed_k,2,,1,1.0,0.06666666666666667,0.125,0.0,0.0,0.9375730140186915,1.3183785419678316
probe_breast_cancer,mixed,classification,ModMRMR_dcor,multiplicative,max,f_classif,distance_corr,val_threshold,40,0.0,1,0.75,1.0,0.8571428571428571,0.0,0.25,0.9453855140186915,1.173343375994591
probe_breast_cancer,mixed,classification,skb_f,,,,,val_fixed_k,10,,1,1.0,0.3333333333333333,0.5,0.0,0.0,0.9329001168224299,0.15803433299879543
probe_breast_cancer,mixed,classification,skb_mi,,,,,val_fixed_k,10,,1,1.0,0.3333333333333333,0.5,0.0,0.0,0.9485251168224299,0.27059125099913217
probe_breast_cancer,mixed,classification,MID,difference,mean,mutual_info_classif,mutual_info_sklearn,val_fixed_k,10,,2,0.8,0.26666666666666666,0.4,0.0,0.2,0.9375,7.054994998965412
probe_breast_cancer,mixed,classification,MID,difference,mean,mutual_info_classif,mutual_info_sklearn,val_threshold,14,0.0,2,0.7857142857142857,0.36666666666666664,0.5,0.0,0.21428571428571427,0.9296875,5.71883566697943
probe_breast_cancer,mixed,classification,MIQ,quotient,mean,mutual_info_classif,mutual_info_sklearn,val_fixed_k,10,,2,0.8,0.26666666666666666,0.4,0.0,0.2,0.9453125,7.096791084040888
probe_breast_cancer,mixed,classification,MIQ,quotient,mean,mutual_info_classif,mutual_info_sklearn,val_threshold,35,0.05,2,0.8285714285714286,0.9666666666666667,0.8923076923076922,0.0,0.17142857142857143,0.9375,5.796526877005817
probe_breast_cancer,mixed,classification,MIFS,difference,sum,mutual_info_classif,mutual_info_sklearn,val_fixed_k,10,,2,0.4,0.13333333333333333,0.2,0.0,0.6,0.9437792056074766,7.126825790997827
probe_breast_cancer,mixed,classification,MIFS,difference,sum,mutual_info_classif,mutual_info_sklearn,val_threshold,5,0.0,2,0.6,0.1,0.17142857142857143,0.0,0.4,0.9359667056074766,5.71632362503442
probe_breast_cancer,mixed,classification,FCD,difference,mean,f_classif,pearson_abs,val_fixed_k,10,,2,1.0,0.3333333333333333,0.5,0.0,0.0,0.9562646028037383,1.0832164590246975
probe_breast_cancer,mixed,classification,FCD,difference,mean,f_classif,pearson_abs,val_threshold,36,0.1,2,0.75,0.9,0.8181818181818182,0.0,0.25,0.9453125,0.944535457965685
probe_breast_cancer,mixed,classification,FCQ,quotient,mean,f_classif,pearson_abs,val_fixed_k,10,,2,1.0,0.3333333333333333,0.5,0.0,0.0,0.9515917056074766,1.081721000984544
probe_breast_cancer,mixed,classification,FCQ,quotient,mean,f_classif,pearson_abs,val_threshold,40,0.0,2,0.75,1.0,0.8571428571428571,0.0,0.25,0.9453125,0.9602249980089255
probe_breast_cancer,mixed,classification,ModMRMR,multiplicative,max,f_classif,pearson_abs,val_fixed_k,10,,2,1.0,0.3333333333333333,0.5,0.0,0.0,0.9453125,1.0924752099672332
probe_breast_cancer,mixed,classification,ModMRMR,multiplicative,max,f_classif,pearson_abs,val_threshold,37,0.1,2,0.7567567567567568,0.9333333333333333,0.835820895522388,0.0,0.24324324324324326,0.953125,0.974256957997568
probe_breast_cancer,mixed,classification,ModMRMR_dcor,multiplicative,max,f_classif,distance_corr,val_fixed_k,10,,2,1.0,0.3333333333333333,0.5,0.0,0.0,0.9609375,1.3212011229770724
probe_breast_cancer,mixed,classification,ModMRMR_dcor,multiplicative,max,f_classif,distance_corr,val_threshold,37,0.1,2,0.7567567567567568,0.9333333333333333,0.835820895522388,0.0,0.24324324324324326,0.9453125,1.164010334003251
probe_breast_cancer,mixed,classification,skb_f,,,,,val_fixed_k,10,,2,1.0,0.3333333333333333,0.5,0.0,0.0,0.9609375,0.15789687499636784
probe_breast_cancer,mixed,classification,skb_mi,,,,,val_fixed_k,10,,2,1.0,0.3333333333333333,0.5,0.0,0.0,0.9453125,0.27443050098372623
probe_diabetes,mixed,regression,MID,difference,mean,mutual_info_sklearn,mutual_info_sklearn,val_fixed_k,5,,0,0.6,0.3,0.4,0.0,0.4,0.2766779095127384,1.7260107900074217
probe_diabetes,mixed,regression,MID,difference,mean,mutual_info_sklearn,mutual_info_sklearn,val_threshold,1,0.05,0,1.0,0.1,0.18181818181818182,0.0,0.0,-0.1020803461274371,1.4000017490179744
probe_diabetes,mixed,regression,MIQ,quotient,mean,mutual_info_sklearn,mutual_info_sklearn,val_fixed_k,10,,0,0.6,0.6,0.6,0.0,0.4,0.31401348946360785,1.744289499009028
probe_diabetes,mixed,regression,MIQ,quotient,mean,mutual_info_sklearn,mutual_info_sklearn,val_threshold,13,0.05,0,0.6923076923076923,0.9,0.7826086956521738,0.0,0.3076923076923077,0.3095909797378513,1.4982847509963904
probe_diabetes,mixed,regression,MIFS,difference,sum,mutual_info_sklearn,mutual_info_sklearn,val_fixed_k,10,,0,0.3,0.3,0.3,0.0,0.7,0.2743923098866202,1.7757860829588026
probe_diabetes,mixed,regression,MIFS,difference,sum,mutual_info_sklearn,mutual_info_sklearn,val_threshold,4,0.0,0,0.25,0.1,0.14285714285714288,0.0,0.75,0.09647470660829705,1.393233082984807
probe_diabetes,mixed,regression,FCD,difference,mean,f_regression,pearson_abs,val_fixed_k,5,,0,1.0,0.5,0.6666666666666666,0.0,0.0,0.26471338436752667,0.4031910829944536
probe_diabetes,mixed,regression,FCD,difference,mean,f_regression,pearson_abs,val_threshold,17,0.1,0,0.5882352941176471,1.0,0.7407407407407407,0.0,0.4117647058823529,0.324109235591706,0.42549437601701356
probe_diabetes,mixed,regression,FCQ,quotient,mean,f_regression,pearson_abs,val_fixed_k,10,,0,0.8,0.8,0.8000000000000002,0.0,0.2,0.28728755857722166,0.4119389579864219
probe_diabetes,mixed,regression,FCQ,quotient,mean,f_regression,pearson_abs,val_threshold,20,0.1,0,0.5,1.0,0.6666666666666666,0.0,0.5,0.3236587802662231,0.4490047080034856
probe_diabetes,mixed,regression,ModMRMR,multiplicative,max,f_regression,pearson_abs,val_fixed_k,5,,0,1.0,0.5,0.6666666666666666,0.0,0.0,0.277715289763833,0.4091976670024451
probe_diabetes,mixed,regression,ModMRMR,multiplicative,max,f_regression,pearson_abs,val_threshold,19,0.05,0,0.5263157894736842,1.0,0.6896551724137931,0.0,0.47368421052631576,0.3084202550231392,0.4433147500094492
probe_diabetes,mixed,regression,ModMRMR_dcor,multiplicative,max,f_regression,distance_corr,val_fixed_k,5,,0,1.0,0.5,0.6666666666666666,0.0,0.0,0.277715289763833,0.40156408402253874
probe_diabetes,mixed,regression,ModMRMR_dcor,multiplicative,max,f_regression,distance_corr,val_threshold,20,0.0,0,0.5,1.0,0.6666666666666666,0.0,0.5,0.3232236611605447,0.4413477499911096
probe_diabetes,mixed,regression,skb_f,,,,,val_fixed_k,10,,0,0.9,0.9,0.9,0.0,0.1,0.29178374025692877,0.16842691699275747
probe_diabetes,mixed,regression,skb_mi,,,,,val_fixed_k,5,,0,1.0,0.5,0.6666666666666666,0.0,0.0,0.294216453871454,0.2226684580091387
probe_diabetes,mixed,regression,MID,difference,mean,mutual_info_sklearn,mutual_info_sklearn,val_fixed_k,5,,1,0.6,0.3,0.4,0.0,0.4,0.16018556962009112,1.7386286260152701
probe_diabetes,mixed,regression,MID,difference,mean,mutual_info_sklearn,mutual_info_sklearn,val_threshold,10,0.0,1,0.6,0.6,0.6,0.0,0.4,0.26904058757174976,1.414633498992771
probe_diabetes,mixed,regression,MIQ,quotient,mean,mutual_info_sklearn,mutual_info_sklearn,val_fixed_k,5,,1,0.2,0.1,0.13333333333333333,0.0,0.8,0.035125497539018835,1.759564042033162
probe_diabetes,mixed,regression,MIQ,quotient,mean,mutual_info_sklearn,mutual_info_sklearn,val_threshold,20,0.0,1,0.5,1.0,0.6666666666666666,0.0,0.5,0.25951534611459803,1.4877158340241294
probe_diabetes,mixed,regression,MIFS,difference,sum,mutual_info_sklearn,mutual_info_sklearn,val_fixed_k,10,,1,0.3,0.3,0.3,0.0,0.7,0.09168632558447987,1.7715804999752436
probe_diabetes,mixed,regression,MIFS,difference,sum,mutual_info_sklearn,mutual_info_sklearn,val_threshold,1,0.05,1,1.0,0.1,0.18181818181818182,0.0,0.0,-0.06816201192880422,1.3968086259847041
probe_diabetes,mixed,regression,FCD,difference,mean,f_regression,pearson_abs,val_fixed_k,10,,1,0.9,0.9,0.9,0.0,0.1,0.23366964879370133,0.40905191597994417
probe_diabetes,mixed,regression,FCD,difference,mean,f_regression,pearson_abs,val_threshold,18,0.1,1,0.5555555555555556,1.0,0.7142857142857143,0.0,0.4444444444444444,0.2607616399518571,0.4445297099882737
probe_diabetes,mixed,regression,FCQ,quotient,mean,f_regression,pearson_abs,val_fixed_k,10,,1,0.9,0.9,0.9,0.0,0.1,0.22865184484654633,0.4172682080534287
probe_diabetes,mixed,regression,FCQ,quotient,mean,f_regression,pearson_abs,val_threshold,20,0.1,1,0.5,1.0,0.6666666666666666,0.0,0.5,0.2683368853852156,0.4638816659862641
probe_diabetes,mixed,regression,ModMRMR,multiplicative,max,f_regression,pearson_abs,val_fixed_k,5,,1,1.0,0.5,0.6666666666666666,0.0,0.0,0.21094994429492597,0.4053984170022886
probe_diabetes,mixed,regression,ModMRMR,multiplicative,max,f_regression,pearson_abs,val_threshold,20,0.0,1,0.5,1.0,0.6666666666666666,0.0,0.5,0.2731067949635104,0.4587681260018144
probe_diabetes,mixed,regression,ModMRMR_dcor,multiplicative,max,f_regression,distance_corr,val_fixed_k,5,,1,1.0,0.5,0.6666666666666666,0.0,0.0,0.21094994429492597,0.39779537499998696
probe_diabetes,mixed,regression,ModMRMR_dcor,multiplicative,max,f_regression,distance_corr,val_threshold,20,0.0,1,0.5,1.0,0.6666666666666666,0.0,0.5,0.26956391159889515,0.45687708404148
probe_diabetes,mixed,regression,skb_f,,,,,val_fixed_k,10,,1,0.9,0.9,0.9,0.0,0.1,0.23229730841005158,0.16726304098847322
probe_diabetes,mixed,regression,skb_mi,,,,,val_fixed_k,10,,1,0.8,0.8,0.8000000000000002,0.0,0.2,0.28658507615048034,0.21914483298314735
probe_diabetes,mixed,regression,MID,difference,mean,mutual_info_sklearn,mutual_info_sklearn,val_fixed_k,5,,2,0.8,0.4,0.5333333333333333,0.0,0.2,0.34129933389489586,1.7391003770753741
probe_diabetes,mixed,regression,MID,difference,mean,mutual_info_sklearn,mutual_info_sklearn,val_threshold,1,0.1,2,1.0,0.1,0.18181818181818182,0.0,0.0,0.2270443659091742,1.4289325409918092
probe_diabetes,mixed,regression,MIQ,quotient,mean,mutual_info_sklearn,mutual_info_sklearn,val_fixed_k,5,,2,0.2,0.1,0.13333333333333333,0.0,0.8,0.2511498982061262,1.7627503329713363
probe_diabetes,mixed,regression,MIQ,quotient,mean,mutual_info_sklearn,mutual_info_sklearn,val_threshold,20,0.0,2,0.5,1.0,0.6666666666666666,0.0,0.5,0.41067440441738345,1.5053618749952875
probe_diabetes,mixed,regression,MIFS,difference,sum,mutual_info_sklearn,mutual_info_sklearn,val_fixed_k,10,,2,0.3,0.3,0.3,0.0,0.7,0.3239805465170503,1.767481791001046
probe_diabetes,mixed,regression,MIFS,difference,sum,mutual_info_sklearn,mutual_info_sklearn,val_threshold,1,0.05,2,1.0,0.1,0.18181818181818182,0.0,0.0,0.2270443659091742,1.4089029149909038
probe_diabetes,mixed,regression,FCD,difference,mean,f_regression,pearson_abs,val_fixed_k,10,,2,0.9,0.9,0.9,0.0,0.1,0.4099026191378161,0.41158046005875804
probe_diabetes,mixed,regression,FCD,difference,mean,f_regression,pearson_abs,val_threshold,16,0.1,2,0.625,1.0,0.7692307692307693,0.0,0.375,0.440705655289252,0.43738320900592953
probe_diabetes,mixed,regression,FCQ,quotient,mean,f_regression,pearson_abs,val_fixed_k,10,,2,0.8,0.8,0.8000000000000002,0.0,0.2,0.4121010503993334,0.41243037398089655
probe_diabetes,mixed,regression,FCQ,quotient,mean,f_regression,pearson_abs,val_threshold,20,0.1,2,0.5,1.0,0.6666666666666666,0.0,0.5,0.415704615067954,0.46071408299030736
probe_diabetes,mixed,regression,ModMRMR,multiplicative,max,f_regression,pearson_abs,val_fixed_k,5,,2,1.0,0.5,0.6666666666666666,0.0,0.0,0.37202515603247055,0.4106827910291031
probe_diabetes,mixed,regression,ModMRMR,multiplicative,max,f_regression,pearson_abs,val_threshold,20,0.0,2,0.5,1.0,0.6666666666666666,0.0,0.5,0.41073877248257074,0.4543235410237685
probe_diabetes,mixed,regression,ModMRMR_dcor,multiplicative,max,f_regression,distance_corr,val_fixed_k,5,,2,1.0,0.5,0.6666666666666666,0.0,0.0,0.37202515603247055,0.39685071000712924
probe_diabetes,mixed,regression,ModMRMR_dcor,multiplicative,max,f_regression,distance_corr,val_threshold,20,0.0,2,0.5,1.0,0.6666666666666666,0.0,0.5,0.41073877248257074,0.4563227499893401
probe_diabetes,mixed,regression,skb_f,,,,,val_fixed_k,10,,2,0.9,0.9,0.9,0.0,0.1,0.4107099829213725,0.16789337500813417
probe_diabetes,mixed,regression,skb_mi,,,,,val_fixed_k,10,,2,0.8,0.8,0.8000000000000002,0.0,0.2,0.3977205123240656,0.21956812500138767
